1,"AMENORRHOE"
2,"ADHESIONS"
3,"ADENOVIRUS"
4,"ADRENAL"
5,"ADVERSE"
6,"ADVICE"
7,"ADJUSTING"
8,"AFTERCARE"
9,"AGED"
10,"AGENESIS"
11,"AGITATION"
12,"ADMINISTRA"
13,"AEROPHAGIA"
14,"ALCOHOLIC"
15,"AIDS"
16,"AGGRESSION"
17,"ALCOHOL"
18,"AGORAPHOBI"
19,"AGRANULOCY"
20,"ALLERGIC"
21,"ALLERGY"
22,"ALOPECIA"
23,"ALBUMINURI"
24,"AMBLYOPIA"
25,"ALCOHOLISM"
26,"AMBULATORY"
27,"ANKYLOSING"
28,"ANKYLOSTOM"
29,"AMNIOCENTE"
30,"AMOEBIASIS"
31,"AMPUTATION"
32,"AMYLOIDOSI"
33,"ANAESTHESI"
34,"ANERGY"
35,"ANGINA"
36,"ANTHRAX"
37,"AMNESIA"
38,"ANGIONEUR"
39,"ANGRY"
40,"ANAPHYLAXI"
41,"ANKLE"
42,"ANENCEPHAL"
43,"ANAEMIA"
44,"ANOREXIA"
45,"ANGIOMA"
46,"ANURIA"
47,"ANOMALY"
48,"ANXIETY"
49,"ANXIOUS"
50,"ANTEPARTUM"
51,"ATAXIA"
52,"ATHETOSIS"
53,"ATELECTASI"
54,"APHTHOUS"
55,"APPENDICIT"
56,"APPLICATIO"
57,"APPENDIX"
58,"ARACHNOIDI"
59,"ARTERITIS"
60,"ARRHYTHMIA"
61,"ARTHRITIS"
62,"ARTHRALGIA"
63,"ARTHRODESI"
64,"ARTHROGRAM"
65,"ARTHROPATH"
66,"APPETITE"
67,"ARTHROSCOP"
68,"APHASIA"
69,"AORTIC"
70,"ASSIST"
71,"ASPIRATION"
72,"ASTHMA"
73,"ASTIGMATIS"
74,"ASPIRATE"
75,"ARGUMENT"
76,"ASTROCYTOM"
77,"APHONIA"
78,"BEDSORE"
79,"BEHAVING"
80,"BEDWETTING"
81,"ATRIAL"
82,"ATHLETE "
83,"ATOPY"
84,"BABY"
85,"ATROPHIC"
86,"BACTERIAL"
87,"AUDIOMETRY"
88,"BAD"
89,"AUTISM"
90,"BALANITIS"
91,"AVULSION"
92,"BARO"
93,"BARTHOLIN"
94,"AWARE"
95,"BACKACHE"
96,"ATRESIA"
97,"BCC"
98,"BEAT"
99,"BACTERIURI"
100,"ATROPHY"
101,"BASILAR"
102,"BALDNESS"
103,"BASEDOWS"
104,"BASAL"
105,"BAKERS"
106,"BECHTEREWS"
107,"BLEPHARITI"
108,"BEREAVEMEN"
109,"BELCHING"
110,"BIPOLAR"
111,"BITE"
112,"BIGEMINY"
113,"BIRTHMARK"
114,"BLACKHEAD"
115,"BLADDER"
116,"BLACKEYE"
117,"BLACKOUTS"
118,"BESTIALITY"
119,"BLEMISHES"
120,"BLINDLOOP"
121,"BLEEDING"
122,"BLISTER"
123,"BLINKING"
124,"BELLS"
125,"BLOATING"
126,"BLOCKED"
127,"BLOCK"
128,"BLINDNESS"
129,"BENIGN"
130,"BLOCKAGE"
131,"BLURRED"
132,"BLOTCHES"
133,"BLOODSHOT"
134,"BLOODY"
135,"BRONCHOSPA"
136,"BRADYCARDI"
137,"BORNHOLMS"
138,"BREAKUP"
139,"BOWENS"
140,"BREAST"
141,"BOWLEGGED"
142,"BREASTFEED"
143,"BRITTLE"
144,"BREATHING"
145,"BREATHLESS"
146,"BRONCHIECT"
147,"BRONCHIOLI"
148,"BRONCHITIS"
149,"BRONCHOSCO"
151,"BRAIN"
153,"BRUIT"
154,"BULIMIA"
155,"BOIL"
156,"BUMPS"
157,"BUNION"
158,"BURN"
159,"BLUSHING"
160,"BURNING"
161,"BRUCELLOSI"
162,"CARDITIS"
163,"CAD"
164,"CAESAREAN"
165,"CAL"
166,"CALCANEAL"
167,"BURSITIS"
168,"BYPASS"
169,"BURPING"
170,"BURSA"
171,"CAMPYLOBAC"
172,"CALLUS"
173,"CANDIDIASI"
174,"CAPSULITIS"
175,"CARBOHYDRA"
176,"CARBUNCLE"
177,"CARCINOMA"
178,"CALORIC"
179,"CARDIAC"
180,"CARDIOGRAM"
181,"CARDIOMEGA"
182,"CARDIOMYOP"
183,"BUZZING "
184,"CABG"
185,"CANCER"
186,"CARDIOSPAS"
187,"CACHEXIA"
188,"CARE"
189,"CALCULUS"
190,"CHICKENPOX"
191,"CHILBLAINS"
192,"CHEST"
193,"CAUTERISE"
194,"CCF"
195,"CAREER"
196,"CARPOPEDAL"
197,"CARUNCLE"
198,"CATHETERIS"
199,"CELLULITIS"
200,"CATARRH"
201,"CATARACT"
202,"CEREBROVAS"
203,"CERTIFICAT"
204,"CEREBRAL"
205,"CERVICAL"
206,"CARIES"
207,"CERUMEN"
208,"CHD"
209,"CARPAL"
210,"CHARMED"
211,"CHALAZION"
212,"CAST"
213,"CERVICALGI"
214,"CERVICITIS"
215,"CAUDA"
216,"CHANGE"
217,"CHECKUP"
218,"CHECK "
219,"CHEILITIS"
220,"CLAUSTROPH"
221,"CHOLANGITI"
222,"CHOKING"
223,"CHOLECYSTI"
224,"CHOLELITHI"
225,"CHOLESTEAT"
226,"CHOLESTERO"
227,"CHILLS"
228,"CHONDROMAL"
229,"CHONDROMAT"
230,"CHORIOEPIT"
231,"CHOLERA"
232,"CHORIORETI"
233,"CIN"
234,"CHRONIC"
235,"CHROMOSOME"
236,"CHLAMYDIA"
237,"CIRCLES"
238,"CIRCULATIO"
239,"CIRCUMCISI"
240,"CHILD"
241,"CHOREA"
242,"CIRRHOSIS"
243,"CLEAN"
244,"CLEFT "
245,"CLAUDICATI"
246,"COMPLAINTS"
247,"COATED"
248,"CLIMACTERI"
249,"CLUMSINESS"
250,"COAD"
251,"COLIC"
252,"CLOGGED"
253,"CLUBFOOT"
254,"COELIAC"
255,"COLLAGEN"
256,"COLLES"
257,"COLON"
258,"COAGULATIO"
259,"COMA"
260,"COLOUR"
261,"COARCTATIO"
262,"COLD"
263,"COMEDO"
264,"COMMON"
265,"COCCYGODYN"
266,"COLLAPSED"
267,"COLONOSCOP"
268,"COLOSTOMY"
269,"COLPOSCOPY"
270,"COLITIS"
271,"COMPARTMEN"
272,"CLOUDY "
273,"CONVULSION"
274,"CONDYLOMA"
275,"CONFUSION"
276,"COMPLIANCE"
277,"COMPLICATE"
278,"COMPLICATI"
279,"COMPRESSIO"
280,"CONCUSSION"
281,"CONGENITAL"
282,"CONCERN"
283,"CONGESTION"
284,"CONGESTIVE"
285,"CONTUSION"
286,"CONJUNCTIV"
287,"CONNECTIVE"
288,"CONSTIPATI"
289,"COPD"
290,"COPING"
291,"CONSULTATI"
292,"CORNEAL"
293,"CONTRACTUR"
294,"CORNS"
295,"CONTACT "
296,"CORYZA"
297,"CONVERSION"
298,"CYSTITIS"
299,"COSTOCHOND"
300,"COWPOX"
301,"CRETINISM"
302,"COUNSELLIN"
303,"CROSSEYED"
304,"COUGHING"
305,"CRABS"
306,"CURVATURE"
307,"CRUSHING"
308,"CUT"
309,"CUTANEOUS"
310,"CVA"
311,"CRYSTAL"
312,"CRAMPS"
313,"CYST"
314,"CROUP"
315,"CUSHINGS"
316,"CYESIS"
317,"CRYPTORCHI"
318,"CRYING"
319,"CYANOSIS"
320,"CRACKED"
321,"CYSTIC"
322,"CYSTOCOELE"
323,"DEPENDENCE"
324,"DENTAL"
325,"DEPLETION"
326,"DEPRESSED"
327,"DANDRUFF"
328,"CYSTOSCOPY"
329,"DACRYOCYST"
330,"DEAFMUTISM"
331,"DEAD"
332,"DARWINS"
333,"DEBRIDEMEN"
334,"DEAFNESS"
335,"DEBILITY"
336,"DEATH"
338,"DEFICIENCY"
339,"DELIRIUM"
340,"DELIVERY"
341,"DEGENERATE"
342,"DEHYDRATIO"
343,"DELINQUENC"
344,"DELUSIONS"
345,"DEMENTIA"
346,"DENDRITIC"
347,"DENGUE"
348,"DERMATOPHY"
349,"DEPRESSION"
350,"DERMATOME"
351,"DERMOID"
352,"DESTROY"
353,"DEVIATION"
354,"DIABETES"
355,"DIALYSIS"
356,"DIAPHRAGM"
357,"DIFFUSE"
358,"DEPRESSIVE"
359,"DEPRO"
360,"DILATED"
361,"DILATION"
362,"DERANGEMEN"
363,"DIPHTHERIA"
364,"DERMABRASI"
365,"DERMATITIS"
366,"DIPLOPIA"
367,"DIARRHOEA"
368,"DIPSOMANIA"
369,"DERMATOFIB"
370,"DERMATOMYC"
371,"DISABILITY"
372,"DISC"
373,"DERMATOMYO"
374,"DIFFICULTY"
375,"DISTENSION"
376,"DISTURBANC"
377,"DISCOMFORT"
378,"DISCRIMINA"
379,"DISCHARGE"
380,"DISLOCATIO"
381,"DISCOID"
382,"DIVORCE"
383,"DIZZINESS"
384,"DLE"
385,"DOA"
386,"DOUBLE"
387,"DISCUSS"
388,"DOWNS"
389,"DISTURBED"
390,"DRAIN"
391,"DRAINAGE"
392,"DISEASE"
393,"DISORDER"
394,"DRIBBLING"
395,"DRINKS"
396,"DISPROPORT"
397,"DRIP"
398,"DROOLING"
399,"DROOPING"
400,"DROP"
401,"DISSATISFA"
402,"DIVERTICUL"
403,"DYSTONIA"
404,"DYSTROPHY"
405,"DROWNING"
406,"DROWSINESS"
407,"DUODENAL"
408,"DUODENITIS"
409,"DYSARTHRIA"
410,"DWARFISM"
411,"DYSFUNCTIO"
412,"DYSHIDROSI"
413,"DYSENTERY"
414,"DYSPEPSIA"
415,"DYSPHAGIA"
416,"DYSMENORRH"
417,"DROPSY"
418,"DYSPAREUNI"
419,"DYSLEXIA"
420,"DYSPHONIA"
421,"DUPLEX"
422,"DRUNK"
423,"DVT"
424,"DYSPLASTIC"
425,"DRY"
426,"DYSPNOEA"
427,"DYSRHYTHMI"
428,"DYSPLASIA"
429,"DWARF"
430,"ENCEPHALIT"
431,"EARS"
432,"EARLY"
433,"ECLAMPSIA"
434,"ECCHYMOSIS"
435,"ECG"
436,"DYSURIA"
437,"ECTOPIC"
438,"EEG"
439,"ECZEMA"
440,"ECHINOCOCC"
441,"ECHOCARDIO"
442,"EDUCATIONA"
443,"ECTROPION"
444,"EFFECTS"
445,"ECHO"
446,"EDUCATION"
447,"ELECTRIC"
448,"EARACHE"
449,"ELECTROENC"
450,"ELEPHANTIA"
451,"EMESIS"
452,"EMOTIONAL"
453,"EMPHYSEMA"
454,"EMPYEMA"
455,"ELEVATION"
456,"EFFUSION"
457,"EKG"
458,"EMBOLISM"
459,"ERECTION"
460,"ENCOPRESIS"
461,"ENDOSCOPY"
462,"ENGORGED"
463,"ENDOCARDIT"
464,"ENDOGENOUS"
465,"ENLARGED"
466,"ENDOMETRIA"
467,"ENURESIS"
468,"ENDOMETRIO"
469,"ENDOMETRIT"
470,"EPIDEMIC"
471,"ENTEROBIAS"
472,"ENTRAPMENT"
473,"ENTERITIS"
474,"ENTROPION"
475,"EPIDURAL"
476,"EROSION"
477,"EOSINOPHIL"
478,"EPICONDYLI"
479,"EPILEPSY"
480,"EPIDIDYMIT"
481,"EPIGASTRAL"
482,"EPIGLOTITI"
483,"EPIPHYSITI"
484,"EPISCLERIT"
485,"EPISTAXIS"
486,"EPITHELIOM"
487,"EXHAUSTION"
488,"EXAMINATIO"
489,"EXCORIATIO"
490,"ERYTHEMA"
491,"ERUCTATION"
492,"EXCISION"
493,"ERYSIPELAS"
494,"ERYTHEMATO"
495,"EUSTACHIAN"
496,"EXANTHEMA"
497,"EUTHANASIA"
498,"EXERCISE"
499,"EVALUATION"
500,"EXCESSIVE"
501,"EXOPHTHALM"
502,"EXOSTOSIS"
503,"EXPLORATIO"
504,"EXPOSURE"
505,"EXTRASYSTO"
506,"EXTRINSIC"
507,"EYELIDS"
508,"EYESTRAIN"
509,"FACIAL"
510,"FAECES"
511,"FAILED"
512,"EXHIBITION"
513,"FIBROSARCO"
514,"FIBROMYOSI"
515,"FALLS"
516,"FAILURE"
517,"FALSE"
518,"FALLING"
519,"FAMILY"
520,"FAVUS"
521,"FEET"
522,"FAINTING"
523,"FAT"
524,"FELON"
525,"FETISHISM"
526,"FEVER"
527,"FIBRILLATI"
528,"FARMERS"
529,"FATIGUE"
530,"FIBROADENO"
531,"FIBROCYSTI"
532,"FARSIGHTED"
533,"FIBROID"
534,"FEBRILE"
535,"FASCIITIS"
536,"FIBROMA"
537,"FEEDING"
538,"FEELING"
539,"FEAR"
540,"FEV1"
541,"FIFTH"
542,"FIBROSITIS"
543,"FIBROSIS"
544,"FILARIASIS"
545,"FITTING"
546,"FLU"
547,"FLATFOOT"
548,"FLASH"
549,"FIDGETY"
550,"FLATULENCE"
551,"FLOATERS"
552,"FITS"
553,"FISSURE"
554,"FISTULA"
555,"FORCEPS"
556,"FLUSHES"
557,"FOETAL"
558,"FOLEY"
559,"FOLLOWUP"
560,"FOREIGN"
561,"FLUTTERING"
562,"FORESKIN"
563,"FORGETFUL"
564,"FIXATE"
565,"FOOD"
566,"FOLLICULIT"
567,"FROZEN"
568,"FRECKLES"
569,"FUNGUS"
570,"FRAIL"
571,"GAIT"
572,"FRIGHTENED"
573,"FUNCTIONAL"
574,"GALACTORRH"
575,"FULLNESS"
576,"FURUNCLE"
577,"GALLBLADDE"
578,"GANGLION"
579,"FREQUENCY"
580,"GALLSTONES"
581,"GASTRITIS"
582,"GASTROENTE"
583,"FUSION"
584,"GASTROPARE"
585,"GASTROSCOP"
586,"GENERAL"
587,"FRIGIDITY"
588,"GEOGRAPHIC"
589,"FROSTBITE"
590,"GANGRENE"
591,"GERMAN"
592,"GARDNEREL"
593,"FUSSY"
594,"GRAWITZ"
595,"GIDDINESS"
596,"GIARDIASIS"
597,"GI"
598,"GLUTEN"
599,"GINGIVITIS"
600,"GOITRE"
601,"GLOMERULON"
602,"GLYCOSURIA"
603,"GLANDERS"
604,"GLANDULAR"
605,"GONOCOCCAL"
606,"GLASSES"
607,"GRAZE"
608,"GRIEF"
609,"GRIPPE"
610,"GROUP"
611,"GROWTH"
612,"GLAUCOMA"
613,"GLOSSITIS"
614,"GILBERTS"
615,"GOUT"
616,"GONORRHOEA"
617,"GRANULOMA"
618,"HEARTBEAT"
619,"HEARTBURN"
620,"HABITUAL"
621,"HAEMANGIOM"
622,"GYNECOMAS"
623,"HAND"
624,"HALLUX"
625,"GUILT"
626,"HAEMATOMA"
627,"HALITOSIS"
628,"HAIR"
629,"HAZY"
630,"HAEMARTHRO"
631,"HAEMATEMES"
632,"HAEMATOSPE"
633,"HAEMATURIA"
634,"HARELIP"
635,"HAEMOPHILI"
636,"HAEMOPTYSI"
637,"HAEMORRHAG"
638,"HAEMORRHOI"
639,"HALLUCINAT"
640,"HASHIMOTOS"
641,"HEARING"
642,"HEART"
643,"HEADACHE"
644,"HAYFEVER"
645,"HIDRADENIT"
646,"HELMINTHIA"
647,"HERNIA"
648,"HEMIPARESI"
649,"HERPES"
650,"HEMIPLEGIA"
651,"HEAVINESS"
652,"HEPATITIS"
653,"HEMOTHORAX"
654,"HEPATOMEGA"
655,"HERMAPHROD"
656,"HERPANGINA"
657,"HIRSUTISM"
658,"HEAT"
659,"HEPATOMA"
660,"HIV"
661,"HIVES"
662,"HESITANCY"
663,"HICCOUGHS"
664,"HOARSENESS"
665,"HODGKINS"
666,"HOLDING"
667,"HOLTER"
668,"HIRSCHSPRU"
669,"HYPERESTHE"
670,"HYPERGLYCE"
671,"HOMOSEXUA"
672,"HORDEOLUM"
673,"HORMONE"
674,"HOMESICK"
675,"HORN "
676,"HOT"
677,"HOUSEMAIDS"
678,"HPV"
679,"HRT"
680,"HSV"
681,"HUMAN"
682,"HURLERS"
683,"HUTCHINSON"
684,"HYDATIDIFO"
685,"HYDRADENIT"
686,"HYDRAMNIOS"
687,"HYDROCELE"
688,"HYDROCEPHA"
689,"HYDRONEPHR"
690,"HYPERACTIV"
691,"HYPERCALCE"
692,"HYPERCHLOH"
693,"HYPERCHOLE"
694,"HYPEREMESI"
695,"HYPOGONADI"
696,"HYPOKALEMI"
697,"HYPERHIDRO"
698,"HYPERINSUL"
699,"HYPERKALEM"
700,"HYPHAEMA"
701,"HYPERKERAT"
702,"HYPERLIPID"
703,"HYPERMENOR"
704,"HYPERMETRO"
705,"HYPERPARAT"
706,"HYPERPLASI"
707,"HYPOMANIA"
708,"HYPERSPLEN"
709,"HYPERTENSI"
710,"HYPERTHYRO"
711,"HYPERTRIGL"
712,"HYPERTROPH"
713,"HYPERURICE"
714,"HYPERVENTI"
715,"HYPOPARATH"
716,"HYPOCALEMI"
717,"HYPOPITUIT"
718,"HYPOCHONDR"
719,"HYPOGAMMAG"
720,"HYPOGLYCEM"
721,"HYPOMENORR"
722,"IMPRISONME"
723,"IMPERFORAT"
724,"IMBALANCE"
725,"HYSTERIA"
726,"HYPOSPADIA"
727,"IBS"
728,"HYPOTENSIO"
729,"IMMATURE"
730,"IGTN"
731,"HYPOTHERMI"
732,"IMMUNE"
733,"HYPOTHYROI"
734,"IHD"
735,"IMPACTION"
736,"ICHTHYOSIS"
737,"IM"
738,"ILLEGITIMA"
739,"ILLITERACY"
740,"IMPENDING"
741,"IMPETIGO"
742,"IMMOBILITY"
743,"IMPOTENCE"
744,"IDDM"
745,"IMMUNISATI"
746,"IMPAIRMENT"
747,"INADEQUATE"
748,"INCOMPETEN"
749,"INCOMPLETE"
750,"INCONTINEN"
751,"INCISION"
752,"INDIGESTIO"
753,"INABILITY"
754,"INCORRECT"
755,"INGROWN"
756,"INCREASED"
757,"INFANT"
758,"INDUCTION"
759,"INFLAMED"
760,"INFARCTION"
761,"INFECTIOUS"
762,"INJURY"
763,"INFECTIVE"
764,"INFERTILIT"
765,"INFESTATIO"
766,"INFILTRATE"
767,"INFILTRATI"
768,"INFLAMMATI"
769,"INFLUENZA"
770,"INGESTION"
771,"INJECTION"
772,"INSERTION"
773,"INSOMNIA"
774,"INTOXICATI"
775,"INTOLERANC"
776,"INTRABURSA"
777,"INTRACRANI"
778,"INSTABILIT"
779,"INTRAVENOU"
780,"INTUSSUSCE"
781,"INSULIN"
782,"INVERSION"
783,"IRIDOCYCLI"
784,"IRITIS"
785,"IRREGULAR"
786,"IRRITABLE"
787,"IRRITATION"
788,"ISCHAEMIA"
789,"ISOLATION"
790,"ITCHING"
791,"ITCHY"
792,"INSUFFICIE"
793,"ITP"
794,"IUD"
795,"JAUNDICE"
796,"INTERCOURS"
797,"INTERTRIGO"
798,"INTESTINAL"
799,"LAMINECTOM"
800,"JERKING"
801,"JETLAG"
802,"KERATOACAN"
803,"KOILONYCHI"
804,"KELOID"
805,"KERATITIS"
806,"KWASHIORKO"
807,"LABORATORY"
808,"KERATOSIS"
809,"LARYNGITIS"
810,"LABYRINTHI"
811,"JEALOUSY"
812,"KYPHOSIS"
813,"LABOUR"
814,"LACERATION"
815,"LACRIMATIO"
816,"KIDNEY"
817,"LABILE"
818,"LACTATION"
819,"JOBST"
820,"LABOURED"
821,"LACTOSE"
822,"LAMINITIS"
823,"LARYNGOSCO"
824,"LEGIONNAIR"
825,"LATE"
826,"LESION"
828,"LASSITUDE"
829,"LENTIGO"
830,"LETHARGY"
831,"LEPROSY"
832,"LEISHMANIA"
833,"LEUKOPLAKI"
834,"LEUKORRHEA"
835,"LICE"
836,"LICHEN"
837,"LEAD"
838,"LENTICULAR"
839,"LEPTOSPIRO"
840,"LEARNING"
841,"LEFT"
842,"LIGATION"
843,"LIGHTHEAD"
844,"LIMPING"
845,"LIPIDOSIS"
846,"LIPOMA "
847,"LITIGATION"
848,"LEUCOCYTOS"
849,"LEUKOPENIA"
850,"MACULAR"
851,"LORDOSIS"
852,"LYMPHADENI"
853,"LYMPHADENO"
854,"LOCKING"
855,"LYMPHANGIO"
856,"LOWER"
857,"LYMPHANGIT"
858,"LYMPHOCYTI"
859,"LONELY"
860,"LRTI"
861,"LYMPHOEDEM"
862,"LYMPHOMA"
863,"LYMPHOSARC"
864,"LUMBAR"
865,"MACROCYTOS"
866,"LONG"
867,"LTB"
868,"LOSS"
869,"LMD"
870,"LUMPS"
871,"LUPUS"
872,"LUMBAGO"
873,"MBA"
874,"MATERNAL"
875,"MALAISE"
876,"MALUNION"
877,"MALABSORPT"
878,"MALFORMATI"
879,"MALINGERIN"
880,"MANTOUX"
881,"MAP"
882,"MALARIA"
883,"MANUAL"
884,"MALNUTRITI"
885,"MALOCLUSIO"
886,"MARK"
887,"MARRIAGE"
888,"MALPROPORT"
889,"MAMMOGRAPH"
890,"MARASMUS"
891,"MASS"
892,"MALLET"
893,"MANIA"
894,"MARFANS "
895,"MASTITIS"
896,"MASTODYNIA"
897,"MASTOIDITI"
898,"MARITAL"
899,"MASSAGE"
900,"MASTOPATHY"
902,"MEDICATION"
903,"MEGACOLON"
904,"MEIBOMIAN"
905,"MELANCHOLI"
906,"MEATITIS"
907,"MEASLES"
908,"MENTAL"
909,"MELANOMA"
910,"MELANOTIC"
911,"MEMORY"
912,"MESENTERIC"
913,"MESOTHELIO"
914,"MENINGIOMA"
915,"METATARSAL"
916,"MENIERES"
917,"METRORRHAG"
918,"MENINGITIS"
919,"MECKELS"
920,"MENINGOCOC"
921,"MENOPAUSE"
922,"MENORRHAGI"
923,"MENISCUS"
924,"MI"
925,"MENSTRUATI"
926,"MURMUR"
927,"MISSED"
928,"MIGRAINE"
929,"MILIA"
930,"MISCARRIAG"
931,"MITRAL"
932,"MILIARIA"
933,"MIGRANS"
934,"MITTELSCHM"
935,"MONILIASIS"
936,"MOLLUSCA"
937,"MONITORING"
938,"MORNING"
939,"MONONEURIT"
940,"MONONUCLEO"
941,"MUCOCELE"
942,"MITES"
943,"MONOSPOT"
944,"MONGOL"
945,"MORTONS"
946,"MULTIPLE"
947,"MOTILITY"
948,"MOTION"
949,"MOLES"
950,"MUMPS"
951,"MOTOR"
952,"MUNCHHAUSE"
953,"MUCOUS"
954,"MUSCULAR"
955,"NEOPLASM"
956,"MYELITIS"
957,"MYOPIA"
958,"MYXOEDEMA"
959,"MYOPATHY"
960,"NAUSEA"
961,"MYASTHENIA"
962,"MYCOPLASMA"
963,"NEARSIGHTE"
964,"NECROSIS"
965,"MVA"
966,"MYELOFIBRO"
967,"MYALGIA"
968,"NEEDLE"
969,"MYOCARDIAL"
970,"MYOSOTIS"
971,"MYOCARDITI"
972,"MYOFIBROSI"
973,"MYRINGITIS"
974,"MYCOSES"
975,"NARCOLEPSY"
976,"NASOPHARYN"
977,"NAEVUS"
978,"NASAL"
979,"NEOPLASIA"
980,"MYOMA"
981,"MYELOMA"
982,"NAD"
983,"NIGHTMARES"
984,"NEUTROPENI"
985,"NEPHROPATH"
986,"NEURITIS"
987,"NERVOUS"
988,"NEPHROSCLE"
989,"NEPHRITIS"
990,"NERVE"
991,"NEPHROSIS"
992,"NEURASTHEN"
993,"NOCTURIA"
994,"NEUROSIS"
995,"NEUROMA"
996,"NEPHROTIC"
997,"NEURALGIA"
998,"NEUROTIC"
999,"NERVES"
1000,"NEWBORN"
1001,"NEURODERMA"
1002,"NIDDM"
1003,"NIGHT"
1004,"NEUROFIBRO"
1005,"NEUROGENIC"
1006,"NEUROPATHY"
1007,"NEUROPRAXI"
1008,"NIPPLES"
1009,"OE"
1010,"OEDEMA"
1011,"OCULAR"
1012,"NUMBNESS"
1013,"OA"
1014,"NORMOTENSI"
1015,"NYSTAGMUS"
1016,"NOSEBLEED"
1017,"NSU"
1018,"OBESITY"
1019,"NODULES"
1020,"OBSERVATIO"
1021,"OBSESSIVE"
1022,"NORMAL"
1023,"OCP"
1024,"OBSTETRIC"
1025,"OBSTIPATIO"
1026,"OBSTRUCTED"
1027,"NURSING"
1028,"OBSTRUCTIO"
1029,"OBSTRUCTIV"
1030,"OCCLUSION"
1031,"OCD"
1032,"OPHTHALMIA"
1033,"ORNITHOSIS"
1034,"ORTHOPNOEA"
1035,"OLIGURIA"
1036,"OM"
1037,"ORCHITIS"
1038,"OESOPHAGEA"
1039,"OESTROGEN"
1040,"OESOPHAGIT"
1041,"OSTEITIS"
1042,"OSTEOARTH"
1043,"OSTEOCHOND"
1044,"OSTEOGENES"
1045,"ORGANIC"
1046,"OSTEOMA"
1047,"ORAL"
1048,"OSTEOMYELI"
1049,"OSTEOPOROS"
1050,"OESOPHAGOS"
1051,"OSTEOSARCO"
1052,"OLIGOMENOR"
1053,"OPTIC"
1054,"ONYCHOGRYP"
1055,"ONYCHOMYCO"
1056,"OOPHORITIS"
1057,"OPERCULITI"
1058,"ORTHOSTATI"
1059,"PANNICULIT"
1060,"OVARIAN "
1061,"OVERSEAS"
1062,"OTOSCLEROS"
1063,"OVERWEIGHT"
1064,"OVULATION"
1065,"OXYURIASIS"
1066,"PAEDOPHILI"
1067,"PALINDROMI"
1068,"PACEMAKER"
1069,"PALLOR"
1070,"OSTOMY"
1071,"PALPITATIO"
1072,"OTHER"
1073,"OTITIS"
1074,"PALSY"
1075,"PANARITIUM"
1076,"PACKING"
1077,"PAINFUL"
1078,"PAGETS"
1079,"PALENESS"
1080,"OVER"
1081,"PANIC"
1082,"PEELING"
1084,"PEDICULOSI"
1085,"PAPILLOEDE"
1086,"PAPILLOMAT"
1087,"PASSED"
1088,"PARAPHIMOS"
1089,"PARAPHRENI"
1090,"PARAPLEGIA"
1091,"PATENT"
1092,"PARESTHESI"
1093,"PARKINSONI"
1094,"PARALYSIS"
1095,"PARANOID"
1096,"PARONYCHIA"
1097,"PARASITES"
1098,"PAPULES"
1099,"PAROTID"
1100,"PAROTITIS"
1101,"PARANOIA"
1102,"PARESIS"
1103,"PECTUS"
1104,"PAROXYSMAL"
1105,"PARTIAL"
1106,"PAT"
1107,"PHLEBITIS"
1108,"PHOBIA"
1109,"PEPTIC"
1110,"PERFORATED"
1111,"PELLAGRA"
1112,"PERFORATIO"
1113,"PERIANAL"
1114,"PELVIC"
1115,"PERIOD"
1116,"PEMPHIGUS"
1117,"PERSON"
1118,"PERIARTHRI"
1119,"PERNIO"
1120,"PERICARDIT"
1121,"PERINATAL"
1122,"PERIOSTITI"
1123,"PERIPHERAL"
1124,"PERTUSSIS"
1125,"PERITONITI"
1126,"PERSONALIT"
1127,"PERSPIRATI"
1128,"PHANTOM"
1129,"PHARYNGITI"
1130,"PHENYLKETO"
1131,"PHIMOSIS"
1132,"POLYARTHRI"
1133,"POLYCYSTIC"
1134,"PIMPLES"
1135,"PILONIDAL"
1136,"PID"
1137,"PLAGUE"
1138,"PLASTER"
1139,"PHOTOPHOBI"
1140,"PHOTOSENSI"
1141,"PLATELETS"
1142,"PIGMENTATI"
1143,"PINGUECULA"
1144,"PIGEON"
1145,"PITYRIASIS"
1146,"PLEURODYNI"
1147,"PNEUMOCONI"
1148,"PLEURISY"
1149,"PNEUMONITI"
1150,"PNEUMOTHOR"
1151,"PLUGGED"
1152,"POLIOMYELI"
1153,"PINWORMS"
1154,"PILES"
1155,"POLLUTION"
1156,"PNEUMONIA"
1157,"POISONING"
1158,"POLYARTERI"
1159,"POSTPARTUM"
1160,"POLYDIPSIA"
1161,"POLYMENORR"
1162,"POLYPOSIS"
1163,"POLYURIA"
1164,"POLYMYALGI"
1165,"POSTPONEME"
1166,"POOR"
1167,"POMPHOLYX"
1168,"POLYMYOSIT"
1169,"PORPHYRIA"
1170,"POSTCOITAL"
1171,"POSSESSED"
1172,"POSTMASTEC"
1173,"POSTMATURI"
1174,"POSTMYOCAR"
1175,"POSTNASAL"
1176,"POSTOPERAT"
1177,"POSTPOLIO"
1178,"PROCTOSCOP"
1179,"POVERTY"
1180,"POSTURAL"
1181,"PREMENSTRU"
1182,"PREPATELLA"
1183,"PREGNANCY"
1184,"PRESBYACUS"
1185,"PRESBYOPIA"
1186,"PREVENTIVE"
1187,"PROCEDURES"
1188,"PREMATURE"
1189,"PROCIDENTI"
1190,"PREPUCE"
1191,"PREVIOUS"
1192,"PRICKLY"
1193,"PRIAPISM"
1194,"PRIMIPARA"
1195,"PROLAPSED"
1196,"PROCTALGIA"
1197,"PRENATAL"
1198,"PRESSURE"
1199,"PROCTITIS"
1200,"PROCTOCOLI"
1201,"PROCTOSIGM"
1202,"PROTHROMBI"
1203,"PROSTATISM"
1204,"PROSTATITI"
1205,"PRURITUS"
1206,"PSEUDOCYES"
1207,"PSITTACOSI"
1208,"PSORIASIS"
1209,"PROSTATOME"
1210,"PRURIGO"
1211,"PSYCHIATRI"
1212,"PSYCHOGENI"
1213,"PSYCHOLOGI"
1214,"PROSTHETIC"
1215,"PSYCHONEUR"
1216,"PSYCHOPATH"
1217,"PROMINENT"
1218,"PROSTATIC"
1219,"PSYCHOSIS"
1220,"PTERYGIUM"
1221,"PTOSIS"
1222,"PUBERTY"
1223,"PUERPERAL"
1224,"PULLING"
1225,"PULMONALE"
1226,"PULMONARY"
1227,"PROTEINURI"
1228,"PULSE"
1229,"RATBITE"
1230,"RASH"
1231,"PVD"
1232,"PYURIA"
1233,"PUNCTURE"
1234,"PYELONEPHR"
1235,"PYLOROSPAS"
1236,"PURPURA"
1237,"PYLORIC"
1238,"QFEVER"
1239,"PUS"
1240,"QUINSY"
1241,"PYREXIA"
1242,"PYELITIS"
1243,"PYORRHOEA"
1244,"PYOSALPINX"
1245,"PYODERMA"
1246,"PYREXIAL"
1247,"RABIES"
1248,"RALES"
1249,"PYOGENIC"
1250,"QUADRIPLEG"
1251,"PYOMETRA"
1252,"PYELOGRAM"
1253,"RADIATION"
1254,"RAPE"
1255,"RADIOLOGY"
1256,"ABORTION"
1257,"ABDOMINAL"
1258,"ABRASION"
1259,"ABSCESS"
1260,"ABSENCE"
1261,"ABUSE"
1262,"ACANTHOMA"
1263,"ACARIASIS"
1264,"ACCESSORY"
1265,"ACCIDENT"
1266,"ACHALASIA"
1267,"ACHE"
1268,"ACHILLES"
1269,"ACHLORHYDR"
1270,"ACHONDROPL"
1271,"ACIDITY"
1272,"ACNE"
1273,"ACOUSTIC"
1274,"ACROMEGALY"
1275,"ACUTE"
1276,"ADDICTION"
1277,"ADDISON "
1278,"ADENITIS"
1279,"ADENOMA"
1280,"ADENOPATHY"
1281,"RAYNAUDS"
1282,"REACTION"
1283,"REACTIVE"
1284,"RECTOCELE"
1285,"RECTOSCOPY"
1286,"RECURRENT"
1287,"REDNESS"
1288,"REDUCED"
1289,"REDUNDANT"
1290,"REFERRALS"
1291,"REFERRED"
1292,"REFLEX"
1293,"REFLUX"
1294,"REFRACTIVE"
1295,"REFUSES"
1296,"REGIONAL"
1297,"REGURGITAT"
1298,"REHABILITA"
1299,"REITERS"
1300,"REMOVAL"
1301,"REMOVE"
1302,"RENAL"
1303,"REPAIR"
1304,"REPLACEMEN"
1305,"RESIDUAL"
1306,"RESPIRATIO"
1307,"RESPIRATOR"
1308,"RESTLESS"
1309,"RESTRICTIO"
1310,"RESULTS"
1311,"RETAINED"
1312,"RETARDATIO"
1313,"RETCHING"
1314,"RETENTION"
1315,"RETICULOSA"
1316,"RETINAL"
1317,"RETINOPATH"
1318,"RETRACTED"
1319,"RETROGRADE"
1320,"RETROSTERN"
1321,"RETROVERSI"
1322,"REVIEW"
1323,"RH"
1324,"RHEUMATIC"
1325,"RHEUMATISM"
1326,"RHEUMATOID"
1327,"RHINITIS"
1328,"RHINOPHYMA"
1329,"RHINORRHEA"
1330,"RICKETS"
1331,"RICKETTSIA"
1332,"RIGHT"
1333,"RIGORS"
1334,"RINGING"
1335,"RINGWORM"
1336,"ROOM "
1337,"ROS"
1338,"ROSACEA"
1339,"ROSEOLA"
1340,"ROSSRIVER"
1341,"ROUNDWORM"
1342,"ROUTINE"
1343,"RSI"
1344,"RUBELLA"
1345,"RUBEOLA"
1346,"RUNDOWN"
1347,"RUNNY"
1348,"RUNS"
1349,"SACROILITI"
1350,"SADISM"
1351,"SALIVARY"
1352,"SALMONELLO"
1353,"SALPINGITI"
1354,"SARCOIDOSI"
1355,"SARCOMA"
1356,"SBE"
1357,"SBO"
1358,"SCABIES"
1359,"SCALD"
1360,"SCALY"
1361,"SCAN"
1362,"SCAR"
1363,"SCARLATINA"
1364,"SCARLET"
1365,"SCC"
1366,"SCHEUERMAN"
1367,"SCHIOTZ"
1368,"SCHIZOPHRE"
1369,"SCHMORLS"
1370,"SCHOOL"
1371,"SCIATICA"
1372,"SCLERITIS"
1373,"SCLERODOMA"
1374,"SCLEROSIS"
1375,"SCOLIOSIS"
1376,"SCOTOMA"
1377,"SCRIPT"
1378,"SCURVY"
1379,"SEBACEOUS"
1380,"SEBORRHOEA"
1381,"SECONDARY"
1382,"SEMINOMA"
1383,"SENESCENCE"
1384,"SENILE"
1385,"SENILIS"
1386,"SENILITY"
1387,"SEPTICEMIA"
1388,"SERUM"
1389,"SEXUAL"
1390,"SHAKING"
1391,"SHIGELLA"
1392,"SHIN"
1393,"SHIVERING"
1394,"SHOCK"
1395,"SHORT"
1396,"SHORTNESS"
1397,"SHYNESS"
1398,"SIALOADENI"
1399,"SICCA"
1400,"SICK"
1401,"SICKNESS"
1402,"SIGMOIDOSC"
1403,"SINUS"
1404,"SINUSITIS"
1405,"SJOGRENS"
1406,"SKIN"
1407,"SLE"
1408,"SLEEP"
1409,"SLIPPED"
1410,"SLOW"
1411,"SLURRING"
1412,"SMALLPOX"
1413,"SMOG"
1414,"SMOKERS"
1415,"SMOKING"
1416,"SNEEZING"
1417,"SNORING"
1418,"SNOW"
1419,"SOB"
1420,"SOCIAL"
1421,"SOLAR"
1422,"SOM"
1423,"SOMNOLENCE"
1424,"SORE"
1425,"SORES"
1426,"SPASM"
1427,"SPASTIC"
1428,"SPEECH"
1429,"SPELLS"
1430,"SPERMATOCE"
1431,"SPHEROCYTO"
1432,"SPIDER "
1433,"SPINA"
1434,"SPINAL"
1435,"SPINNING"
1436,"SPIROMETRY"
1437,"SPITTING"
1438,"SPLENIC"
1439,"SPLENOMEGA"
1440,"SPONDYLITI"
1441,"SPONDYLOLI"
1442,"SPONDYLOSI"
1443,"SPOTS "
1444,"SPOTTING"
1445,"SPRAIN"
1446,"SPRUE"
1447,"SPUR"
1448,"SPUTUM"
1449,"SQUAMOUS"
1450,"SQUINTING"
1451,"STAGGERING"
1452,"STAMMERING"
1453,"STASIS"
1454,"STATE"
1455,"STATUS"
1456,"STD"
1457,"STEATORRHO"
1458,"STEIN"
1459,"STENOSIS"
1460,"STERILISAT"
1461,"STERILITY"
1462,"STI"
1463,"STICKY"
1464,"STIFFNESS"
1465,"STING"
1466,"STOMACH"
1467,"STOMATITIS"
1469,"STRABISMUS"
1470,"STRAIN"
1471,"STRAPPING"
1472,"STREP"
1473,"STREPTOCOC"
1474,"STRESS"
1475,"STRETCH"
1476,"STRIAE "
1477,"STRICTURE"
1478,"STRIDOR"
1479,"STROKE"
1480,"STRUMA"
1481,"STUMBLING"
1482,"STUTTERING"
1483,"STYE"
1484,"SUBACUTE"
1485,"SUBCLAVIAN"
1486,"SUBCONJUNC"
1487,"SUBDURAL"
1488,"SUBFERTILI"
1489,"SUBLUXATIO"
1490,"SUBNORMALI"
1491,"SUGAR"
1492,"SUNBURN"
1493,"SUNSPOTS"
1494,"SUNSTROKE"
1495,"SUPPORT"
1496,"SUPPRESSED"
1497,"SURMENAGE"
1498,"SVT"
1499,"SWALLOWED"
1500,"SWALLOWING"
1501,"SWEATING"
1502,"SWELLING"
1503,"SWIMMERS"
1504,"SWOLLEN"
1505,"SWOON"
1506,"SYMPTOMS"
1507,"SYNCOPE"
1508,"SYNDROME"
1509,"SYNECHIA"
1510,"SYNOVIAL"
1511,"SYNOVITIS"
1512,"SYPHILIS"
1513,"SYRINGE"
1514,"SYRINGOMYE"
1515,"SYSTEMIC"
1516,"SYSTOLES"
1517,"TACHYCARDI"
1518,"TAENIASIS"
1519,"TALIPES"
1520,"TANTRUMS"
1521,"TAPEWORM"
1522,"TASTE"
1523,"TATTOO"
1524,"TB"
1525,"TEARDUCT"
1526,"TEARING"
1527,"TECHNICAL"
1528,"TEETHING"
1529,"TELANGIECT"
1530,"TEMPERATUR"
1531,"TEMPOROMAN"
1532,"TENDER"
1533,"TENDON"
1534,"TENDONITIS"
1535,"TENNIS"
1536,"TENOSYNOVI"
1537,"TENSE"
1538,"TENSION"
1539,"TERMINAL"
1540,"TERMINATIO"
1541,"TESTIS"
1542,"TETANUS"
1543,"THALASSAEM"
1544,"THERAPEUTI"
1545,"THERMOGRAP"
1546,"THINNING"
1547,"THR"
1548,"THREADWORM"
1549,"THREATENED"
1550,"THROAT"
1551,"THROMBOANI"
1552,"THROMBOCYT"
1553,"THROMBOPHL"
1554,"THROMBOSIS"
1555,"THROWING "
1556,"THRUSH"
1557,"THYROGLOSS"
1558,"THYROID"
1559,"THYROIDITI"
1560,"THYROTOXIC"
1561,"TIA"
1562,"TIETZES"
1563,"TIGHTNESS"
1564,"TINEA"
1565,"TINNITUS"
1566,"TIREDNESS"
1567,"TKR"
1568,"TLE"
1569,"TMC"
1570,"TONGUE"
1571,"TONOMETRY"
1572,"TONSILLITI"
1573,"TOOTHACHE"
1574,"TOP"
1575,"TORSION"
1576,"TORTICOLLI"
1577,"TOXAEMIA"
1578,"TOXOPLASMO"
1579,"TRACHEITIS"
1580,"TRACHEOBRO"
1581,"TRACHEOSCO"
1582,"TRACHOMA"
1583,"TRACINGS"
1584,"TRAINING"
1585,"TRAMPS"
1586,"TRANSIENT"
1587,"TRANSPOSIT"
1588,"TRANSSEXUA"
1589,"TRANSVESTI"
1590,"TRAUMA"
1591,"TREATMENT"
1592,"TREMATODOS"
1593,"TREMOR"
1594,"TRICHIASIS"
1595,"TRICHINIAS"
1596,"TRICHOMONI"
1597,"TRICHOPHYT"
1598,"TRICHURIAS"
1599,"TRIGEMENIA"
1600,"TRIGGER"
1601,"TRIGONAL"
1602,"TRIGONITIS"
1603,"TRUANCY"
1604,"TRYPANOSOM"
1605,"TUBAL"
1606,"TUBERCULIN"
1607,"TUBERCULOS"
1608,"TULARAEMIA"
1609,"TUMOUR"
1610,"TURNING"
1611,"TWIN"
1613,"TYMPANITIS"
1614,"TYMPANOMET"
1615,"TYPHUS"
1617,"ULTRASOUND"
1618,"UMBILICUS"
1619,"UNABLE"
1620,"UNCONSCIOU"
1621,"UNCOORDINA"
1622,"UNDERWEIGH"
1623,"UNDESCENDE"
1624,"UNEMPLOYED"
1625,"UNFIT"
1626,"UNHAPPY"
1627,"UNPROTECTE"
1628,"UNSTABLE"
1629,"UNWELL"
1630,"UPSET"
1631,"URAEMIA"
1632,"URETHRAL"
1633,"URETHRITIS"
1634,"URGENCY"
1635,"URI"
1636,"URINARY"
1637,"URINATION"
1638,"URINE"
1639,"UROLITHIAS"
1640,"URTI"
1641,"URTICARIA"
1642,"UTI"
1643,"UVEITIS"
1644,"VACCINATIO"
1645,"VAGABONDS"
1646,"VAGINAL"
1647,"VAGINISMUS"
1648,"VAGINITIS"
1649,"VARICELLA"
1650,"VARICOCELE"
1651,"VARICOSE"
1652,"VASCULUTIS"
1653,"VASCULAR"
1654,"VASECTOMY"
1655,"VASOSPASM"
1656,"VASOVAGAL"
1657,"VEB"
1658,"VECTORCARD"
1659,"VEINS"
1660,"VENEREAL"
1661,"VENOUS"
1662,"VENTOUSE"
1663,"VENTRICULA"
1664,"VERRUCA"
1665,"VERTEBRO"
1666,"VERTIGO"
1667,"VESICULITI"
1668,"VESSELS"
1669,"VESTIBULAR"
1670,"VESTIBULIT"
1671,"VINCENTS"
1672,"VIRAL"
1673,"VIREMIA"
1674,"VIRUS"
1675,"VISION"
1676,"VISUAL"
1677,"VITAMIN"
1678,"VITILIGO"
1679,"VITREOUS"
1680,"VOLKMANNS"
1681,"VOLVULUS"
1682,"VOMITING"
1683,"VULVITIS"
1684,"WALKING"
1685,"WARFARIN"
1686,"WARTS"
1687,"WASTING"
1688,"WATERBRASH"
1689,"WATERY"
1690,"WAX"
1691,"WEAK"
1692,"WEAL"
1693,"WEANING"
1694,"WEIGHT"
1695,"WELDING"
1696,"WELTS"
1697,"WEN"
1698,"WETEAR"
1699,"WHEEZING"
1700,"WHIPLASH"
1701,"WHITEHEADS"
1702,"WHITLOW"
1703,"WITHDRAWAL"
1704,"WOLF"
1705,"WORMS"
1706,"WORNOUT"
1707,"WORRIED"
1708,"WORRY"
1709,"WOUND"
1710,"WRINKLES"
1711,"WRISTDROP"
1712,"WRYNECK"
1714,"XEROSIS"
1715,"XRAY"
1716,"YAWS"
1717,"YELLOW"
1718,"YERSINIA"
1719,"ZOSTERS"
1720,"BIVENTRICU"
1721,"COXSACKIE"
1722,"TRAVEL"
1723,"ESSENTIAL"
1724,"AFFECTIVE"
1725,"PERITONSIL"
1726,"DPT"
1727,"CDT"
1728,"MMR"
1729,"ELEVATED"
1730,"SUN"
1731,"POSTNATAL"
1732,"HIB"
1733,"CHOLECYSTE"
1734,"GASTRECTOM"
1735,"TRIGLYCERI"
1736,"KNEE"
1737,"NECK"
1738,"ELBOW"
1739,"MUSCLE"
1740,"FINGER"
1741,"HIP"
1742,"FOOT"
1743,"SACROILIAC"
1744,"SHOULDER"
1745,"WRIST"
1746,"THORACIC"
1747,"SPINE"
1748,"RA"
1749,"PERIORAL"
1750,"JUVENILE"
1751,"ADULT"
1752,"ACTINIC"
1753,"GASTRIC"
1754,"ANEURYSM"
1755,"CORONARY"
1756,"ISCHAEMIC"
1757,"GENITAL"
1758,"ROOT"
1759,"NUCLEUS"
1760,"INTERVERTE"
1761,"VERTEBRAL"
1762,"LUMBOSACRA"
1763,"CONTRACEPT"
1764,"PILL"
1765,"LUNG"
1766,"BONE"
1767,"SPLENECTOM"
1768,"MARROW"
1769,"TRANSFUSIO"
1770,"TRANSPLANT"
1771,"DUPUYTRENS"
1772,"PATHOLOGIC"
1773,"MOUSE"
1774,"DEFORMANS"
1775,"PROGRESSIV"
1776,"VILLONODUL"
1777,"BEHCETS"
1778,"MUSCULOSKE"
1779,"LE"
1780,"RHEUMATICA"
1781,"MYOSITIS"
1782,"SCLERODERM"
1783,"DRUG"
1784,"PENICILLIN"
1785,"CEPHALOSPO"
1786,"TETRACYCLI"
1787,"MACROLIDE"
1788,"SULPHONAMI"
1789,"ANTIBIOTIC"
1790,"IODINE"
1791,"EXERTION"
1792,"ALTITUDE"
1793,"MOUNTAIN"
1794,"ENVIRONMEN"
1795,"HUNGER"
1796,"LIGHTNING"
1797,"PHYSICAL"
1798,"SUBMERSION"
1799,"ANAPHYLACT"
1800,"STEVENS"
1801,"VALVE"
1802,"RECONSTRUC"
1803,"IMMUNOGLOB"
1804,"ADT"
1805,"EXTERNA"
1806,"TROPICAL"
1807,"MALIGNANT"
1808,"RODENT"
1809,"PREGNANT"
1810,"OBESE"
1811,"HEALTH"
1812,"NEONATAL"
1813,"SUPERANNUA"
1814,"INSURANCE"
1815,"LICENCE"
1816,"MEDICAL"
1817,"EMPLOYMENT"
1818,"CLASSICAL"
1819,"HEMIPLEGIC"
1820,"OPHTHALMIC"
1821,"CIRCULATOR"
1822,"DECUBITUS"
1823,"RAISED"
1824,"FORMICATIO"
1825,"MYALGIC"
1826,"LAPAROSCOP"
1827,"LIPECTOMY"
1828,"LIPOSUCTIO"
1829,"RADIOTHERA"
1830,"FUNGAL"
1831,"VERSICOLOR"
1832,"MYCOSIS"
1833,"KERION"
1834,"COCHLEAR"
1836,"GROMMET"
1837,"TUBE"
1838,"ARTERY"
1839,"ANGIOPLAST"
1840,"BLUE"
1841,"GRAFT"
1842,"FEMORAL"
1843,"COMPOUND"
1844,"HALO"
1845,"JUNCTIONAL"
1846,"INTRADERMA"
1847,"PLANE"
1848,"PLANTAR"
1849,"DIGITATE"
1850,"HERPETIFOR"
1851,"NODOSUM"
1852,"MULTIFORM"
1853,"SEBORRHOEI"
1854,"COPE"
1855,"ADJUSTMENT"
1856,"VIOLENCE"
1857,"SITUATION"
1858,"DISASTER"
1859,"ANTENATAL"
1860,"ILL"
1861,"EXHAUSTED"
1862,"TERRIBLE"
1863,"PREOPERATI"
1864,"MASTOIDECT"
1865,"ELECTROCAR"
1866,"EMBOLECTOM"
1867,"STRIPPING"
1868,"POP"
1869,"MAXILLA"
1870,"OSTEOTOMY"
1871,"BACILLARY"
1872,"AMOEBIC"
1873,"SALMONELLA"
1874,"PMC"
1875,"PSUEDOMEMB"
1876,"CLOSTRIDIU"
1877,"GIARDIA"
1878,"CERVICOBRA"
1879,"CERVICOCRA"
1880,"MYELOPATHY"
1881,"TYMPANIC"
1882,"RICKETTSIO"
1883,"LARYNGOTRA"
1884,"DISRUPTION"
1885,"STITCH"
1886,"SURGERY"
1887,"FAECAL"
1888,"ABDOMEN"
1889,"EPILEPTIC"
1890,"TEMPORAL"
1891,"MOUTH"
1892,"BASE"
1893,"SKULL"
1894,"CLAVICLE"
1895,"FACE"
1896,"PATELLA"
1897,"PELVIS"
1898,"HUMERUS"
1899,"NOSE"
1900,"RIBS"
1901,"BUERGERS"
1902,"PRECEREBRA"
1903,"SYMPATHETI"
1904,"ARTERIAL"
1905,"INTERMITTE"
1906,"ANAL"
1907,"ANUS"
1908,"RECTUM"
1909,"SKINTAG"
1910,"SUBSTANCE"
1911,"SNIFFING"
1912,"FOLATE"
1913,"PERNICIOUS"
1914,"MEGALOBLAS"
1915,"CEREBELLAR"
1916,"HUNTINGTON"
1917,"INFANTILE"
1918,"CORD"
1919,"HEBEPHRENI"
1920,"CATATONIC"
1921,"SCHIZOAFFE"
1922,"ILEUS"
1923,"RECTAL"
1924,"SIGMOID"
1925,"DUMPING"
1926,"PANCREATIC"
1927,"FLUTTER"
1928,"ALZHEIMERS"
1929,"ATERIOSCLE"
1930,"PRESENILE"
1931,"DRINKING"
1932,"RADIUS"
1933,"FIBULA"
1934,"POTTS"
1935,"TIBIA"
1936,"METACARPAL"
1937,"PHALANGE"
1938,"TARSAL"
1939,"SCAPHOID"
1940,"FEMUR"
1941,"NOF"
1942,"JAW"
1943,"KYPHOSCOLI"
1944,"POPLITEAL"
1945,"PERTHES"
1946,"EPIPHYSIS"
1947,"LIGAMENT"
1948,"CARTILAGE"
1949,"TOES"
1950,"BANDAGE"
1951,"TOENAILS"
1952,"OSTEECTOMY"
1953,"ELECTROCON"
1954,"HYPNOSIS"
1955,"ECT"
1956,"RELAXATION"
1957,"ENDOCRINE"
1958,"PARATHYROI"
1959,"THYROIDECT"
1960,"CRANIECTOM"
1961,"MYELOMENIN"
1962,"CRANIOTOMY"
1963,"ENCEPHALOC"
1964,"FRACTURED"
1965,"VENTRICULO"
1966,"LOBECTOMY"
1967,"CAUTERY"
1968,"POLYPECTOM"
1969,"PLEURECTOM"
1970,"PNEUMONECT"
1971,"PLEURODESI"
1972,"RHINOPLAST"
1973,"SEPTOPLAST"
1974,"CRYOTHERAP"
1975,"ELECTROCAU"
1976,"DIATHERMY"
1977,"LASER"
1978,"ULTRAVIOLE"
1979,"LIGHT"
1980,"PUVA"
1981,"DRESSING"
1982,"SUTURES"
1983,"EPIDIDYMAL"
1984,"HYPOSPADIU"
1985,"ORCHIDOPEX"
1986,"PENIS"
1987,"ANTERIOR"
1988,"POSTERIOR"
1989,"FALLOPIAN"
1990,"REANASTOMO"
1991,"BARTHOLINS"
1992,"HYSTERECTO"
1993,"OOPHORECTO"
1994,"SALPINGECT"
1995,"VULVECTOMY"
1996,"CYSTECTOMY"
1997,"CERVIX"
1998,"CAUTERISAT"
1999,"HYSTEROSCO"
2000,"HYDROTUBAT"
2001,"ARTIFICIAL"
2002,"INSEMINATI"
2003,"FERTILISAT"
2004,"AI"
2005,"BREECH"
2006,"LSCS"
2007,"PERINEAL"
2008,"DILATATION"
2009,"GAMETE"
2010,"GIFT"
2011,"NEPHRECTOM"
2012,"PROSTATECT"
2013,"TRANSURETH"
2014,"URETECTOMY"
2015,"KISSING"
2016,"PREMENOPAU"
2017,"POSTMENOPA"
2018,"PERIMENOPA"
2019,"VDRL"
2020,"IMPOTENCY"
2021,"LIBIDO"
2022,"DESIRE"
2023,"EJACULATIO"
2024,"PSYCHOSEXU"
2025,"ZOOPHILIA"
2026,"MASOCHISM"
2027,"SADOMASOCH"
2028,"HOUSING"
2029,"CHEMOTHERA"
2030,"APTT"
2031,"PTT"
2032,"PT"
2033,"DIAPHRAGMA"
2034,"TRUSS"
2035,"PALATE"
2036,"LARYNGECTO"
2037,"OESOPHAGEC"
2038,"DUODENECTO"
2039,"PHARYGECTO"
2040,"VAGOTOMY"
2041,"WHIPPLES"
2042,"WISDOM"
2043,"LIP"
2044,"FUNDOPLICA"
2045,"INGUINAL"
2046,"LAPAROTOMY"
2047,"LENSES"
2048,"TUBES"
2049,"PIERCING"
2050,"PIERCED"
2051,"IMPAIRED"
2052,"ENDARTEREC"
2053,"INTERNAL"
2054,"CAROTID"
2055,"RESTING"
2056,"ARTHROCENT"
2057,"BRACE"
2058,"SHOES"
2059,"COLLAR"
2060,"FIXATION"
2061,"IMMOBILISE"
2062,"LIMB"
2063,"SLING"
2064,"ACETABULUM"
2065,"CALCANEUM"
2066,"CARPUS"
2067,"INTERPHALA"
2068,"MANDIBLE"
2069,"PHALANGEAL"
2070,"OLECRANON"
2071,"PHALANX"
2072,"RADIOULNAR"
2073,"ULNAR"
2074,"SCAPULA"
2075,"VERTEBRAE"
2076,"STERNUM"
2077,"TARSUS"
2078,"ZYGOMA"
2079,"SACRUM"
2080,"SHEATH"
2081,"MANIPULATI"
2082,"DECOMPRESS"
2083,"CLIPPING"
2084,"SHUNT"
2085,"TIME"
2086,"HYPNOTHERA"
2087,"PSYCHOTHER"
2088,"TESTOSTERO"
2089,"TURP"
2090,"PYELOPLAST"
2091,"URETER"
2092,"REIMPLANTA"
2093,"NEPHROSCOP"
2094,"URETEROSCO"
2095,"LITHOTRIPS"
2096,"IDC"
2097,"IVF"
2098,"PLACENTAL"
2099,"TRAUMATIC"
2100,"PROLONGED"
2101,"PERINEUM"
2102,"PROM"
2103,"MEMBRANES"
2104,"EXTRACTION"
2105,"ROTATION"
2106,"IUCD"
2107,"EPISIOTOMY"
2108,"IOL"
2109,"STUMP"
2110,"DIGESTIVE"
2111,"SPASMS"
2112,"SEIZURES"
2113,"SIMPLE"
2114,"COMPLEX"
2115,"MYOCLONIC"
2116,"ATONIC"
2117,"FOCAL"
2118,"GENERALISE"
2120,"HEROIN"
2121,"FACET"
2122,"ILLEGAL"
2123,"AMPHETAMIN"
2124,"ECSTASY"
2125,"MARIJUANA"
2126,"LSD"
2127,"LYSERGIC"
2128,"COCAINE"
2129,"B12"
2130,"MACROCYTIC"
2131,"CP"
2132,"DEGENERATI"
2133,"TAGS"
2134,"SENSITIVIT"
2135,"PARALYTIC"
2136,"AF"
2137,"LIFE"
2138,"LIFESTYLE"
2139,"REPRODUCTI"
2140,"PRECONCEPT"
2141,"GENETIC"
2142,"OCCUPATION"
2143,"PARENTING"
2144,"MOTHERING"
2145,"FATHERING"
2146,"CONJUGAL"
2147,"PREVENTION"
2148,"NOTIFICATI"
2149,"DOCUMENT"
2150,"LEGAL"
2151,"REPORT"
2152,"WORKERS"
2153,"COMPENSATI"
2154,"APPENDICEC"
2155,"PDA"
2156,"ARTERIOSUS"
2157,"VSD"
2158,"SEPTAL"
2159,"ASD"
2160,"DEFIBRILLA"
2161,"RFA"
2162,"RADIOFREQU"
2163,"EPS"
2164,"ELECTROPHY"
2165,"BP"
2166,"AORTA"
2167,"PAS"
2168,"LABYRINTH"
2169,"VERTIGINOU"
2170,"AURAL"
2171,"OTOGENIC"
2172,"BPPV"
2173,"POSITIONAL"
2174,"DRIVERS"
2175,"PILOT"
2176,"SCUBA"
2177,"DIVING"
2178,"APOPLEXY"
2179,"SAH"
2180,"SUBARACHNO"
2181,"MENINGEAL"
2182,"POSTSTROKE"
2183,"APOPLECTIC"
2184,"ICH"
2185,"PSVT"
2186,"SUPRAVENTR"
2187,"VT"
2188,"ARREST"
2189,"BUNDLE"
2190,"BBB"
2191,"ATRIOVENTR"
2192,"PERICARDIU"
2193,"VF"
2194,"WPW"
2195,"RBBB"
2196,"LBBB"
2197,"CHB"
2198,"COMPLETE"
2199,"MOBITZ"
2200,"THIRD"
2201,"WENCKEBACH"
2202,"RESTRICTIV"
2203,"RVH"
2204,"LVH"
2205,"WORK"
2206,"DISABLED"
2207,"HANDICAPPE"
2208,"IQ"
2209,"INTELLECTU"
2210,"PARTNER"
2211,"RELATIONSH"
2212,"ROMANCE"
2213,"LOVERS"
2214,"SPOUSE"
2215,"CONFLICT"
2216,"CRISIS"
2217,"HUSBAND"
2218,"WIFE"
2219,"VIOLENT"
2220,"DOMESTIC"
2221,"DIZZY"
2222,"WOOZY"
2223,"BALANCE"
2224,"EQUILIBRIU"
2225,"HEAD"
2227,"PROTEIN"
2228,"HAEMOLYTIC"
2229,"STEAL"
2230,"ATTACKS"
2231,"VBI"
2232,"INTRATHORA"
2233,"TEMPORALIS"
2234,"CARDIOVASC"
2235,"OESOPHAGUS"
2236,"SCROTUM"
2238,"PAN"
2239,"VARICES"
2240,"CVD"
2241,"VARICOCOEL"
2242,"DISSECTING"
2243,"MYCOTIC"
2244,"LEAKING"
2245,"RUPTURED"
2246,"PSORIATIC"
2247,"GUTTATE"
2248,"FINGERNAIL"
2249,"NAILS"
2250,"ANALGESIC"
2251,"ARF"
2252,"URETERIC"
2253,"MEATAL"
2254,"CRF"
2255,"PAPILLARY"
2256,"SCREAMING"
2257,"GUMS"
2258,"IMPACTED"
2259,"DENTURES"
2260,"PRESCRIPTI"
2261,"DESENSITIS"
2262,"SCRATCH"
2263,"MARGINAL"
2264,"GASTROJEJU"
2265,"LOOSE"
2266,"FREQUENT"
2267,"PARENTS"
2268,"PARENT"
2269,"BILIARY"
2270,"OVULATORY"
2271,"DUB"
2272,"UTERINE"
2273,"MENSTRUAL"
2274,"BREAKTHROU"
2275,"INTERMENST"
2276,"IMB"
2277,"BTB"
2278,"PORTAL"
2279,"SUPERFICIA"
2280,"MANIC"
2281,"PSYCHOTIC"
2282,"MDP"
2283,"VULVA"
2284,"SEROUS"
2285,"BRONCHOPNE"
2286,"UREAL"
2287,"INTERSTITI"
2288,"LOBAR"
2289,"ATYPICAL"
2290,"OPACITIES"
2291,"EYELASH"
2292,"CRANIAL"
2293,"SIXTH"
2294,"ABDUCENS"
2295,"PUPILLARY"
2296,"FIELD"
2297,"RETINITIS"
2298,"BUTTOCK"
2299,"GROIN"
2300,"THIGH"
2301,"SPLINTS"
2302,"NOCTURNAL"
2303,"NICOTINE"
2304,"TOBACCO"
2305,"DERMATOSIS"
2306,"LATERAL"
2307,"MEDIAL"
2308,"PRODUCTIVE"
2309,"TEMPER"
2310,"VOICES"
2311,"AUDITORY"
2312,"ADD"
2313,"ADHD"
2314,"ATTENTION"
2315,"RETIREMENT"
2316,"BEHAVIOUR"
2317,"PERSONAL"
2318,"REQUESTS"
2319,"SUPPRESSIO"
2320,"OPHTHALMOP"
2321,"OLD"
2322,"AGING"
2323,"TICS"
2324,"EATING"
2325,"MEDICINAL"
2326,"DEPENDENT"
2327,"CONCENTRAT"
2328,"REMEMBERIN"
2329,"ORIENTATIO"
2330,"ACTIVE"
2331,"CONDUCT"
2332,"HYPERKINET"
2333,"ADOLESCENT"
2334,"DEVELOPMEN"
2335,"PHASE"
2336,"CRAZY"
2337,"LOSING"
2338,"MIND"
2339,"ESTEEM"
2340,"STRANGE"
2341,"BITING"
2342,"KORSAKOFFS"
2343,"DD"
2344,"INTRAEPITH"
2345,"SMEAR"
2346,"INFLAMMATO"
2347,"ENDOCERVIC"
2348,"ABSENT"
2349,"SOMATISATI"
2350,"HYSTERICAL"
2351,"PSUEDOCYES"
2352,"ADENOCARCI"
2353,"UNDIFFEREN"
2354,"MIXED"
2355,"CIS"
2356,"UNSATISFAC"
2357,"PAPILLOMA"
2358,"ATYPIA"
2359,"SUICIDE"
2360,"SUICIDAL"
2361,"DESTRUCTIV"
2362,"ATTEMPTS"
2363,"ACTS"
2364,"IDEAS"
2365,"IMPULSES"
2366,"TENDENCIES"
2367,"TENDENCY"
2368,"COMPULSIVE"
2369,"PHOBIC"
2370,"AGGRESSIVE"
2371,"ASOCIAL"
2372,"PASSIVE"
2373,"MSE"
2374,"MICROBIOLO"
2375,"IMMUNOLOG"
2376,"HISTOLOGY"
2377,"CYTOLOGY"
2378,"DIAGNOSTIC"
2379,"TESTING"
2380,"GP"
2381,"PRIMARY"
2382,"SPECIALIST"
2383,"PROCEDURE"
2384,"RENEWAL"
2385,"FLUIDS"
2386,"COUNSELLOR"
2387,"HOSPITAL"
2388,"CLINIC"
2389,"OPERATION"
2390,"REASON"
2391,"ECONOMIC"
2392,"FINANCIAL"
2393,"MONEY"
2394,"RESIDENCE"
2395,"HEATING"
2396,"NEIGHBOUR"
2397,"SPACE"
2398,"HOME"
2399,"DEFECTS"
2400,"RELIGION"
2401,"CULTURAL"
2402,"MIGRATION"
2403,"MIGRANTS"
2404,"RACE"
2405,"RACIAL"
2406,"SEX"
2407,"GENDER"
2408,"BELIEF"
2409,"JOB"
2410,"CONDITIONS"
2411,"UNEMPLOYME"
2412,"WELFARE"
2413,"POLICE"
2414,"GAOL"
2415,"GE"
2416,"LIVER"
2417,"CF"
2418,"MS"
2419,"DISSEMINAT"
2420,"SIGHT"
2421,"ACUITY"
2422,"AMI"
2423,"MYCARDIUM"
2424,"ATHEROSCLE"
2425,"ATHEROMA"
2426,"ARTERIOSCL"
2427,"AIRWAYS"
2428,"ASBESTOSIS"
2429,"HIATUS"
2430,"HEPATIC"
2431,"BPH"
2432,"ENLARGEMEN"
2433,"OVERDOSE"
2434,"MEDICINE"
2435,"SNAKE"
2436,"CHEMICAL"
2437,"VENOM"
2438,"PROSTHESES"
2439,"ILEOSTOMY"
2440,"GASTROSTOM"
2441,"CYSTOSTOMY"
2442,"CONFIDENCE"
2443,"LACKING"
2444,"SEXUALLY"
2445,"PEDICURE"
2446,"DIET"
2447,"LIPIDS"
2448,"URINALYSIS"
2449,"IMMUNOLOGY"
2450,"THERAPY"
2451,"MINIPILL"
2452,"CONDOMS"
2453,"BSE"
2454,"OCCULT"
2455,"FOB"
2456,"ACUPUNCTUR"
2457,"GROWING"
2458,"OLDER"
2459,"REPETITIVE"
2460,"ACADEMIC"
2461,"SKILLS"
2462,"ANORECTAL"
2463,"ANGER"
2464,"ANTISOCIAL"
2465,"SPEAKING"
2466,"TALK"
2467,"DYSPHASIA"
2468,"ARTICULATI"
2469,"DELAYED"
2470,"LANGUAGE"
2471,"ASSERTIVEN"
2472,"SEPTUM"
2473,"BIRTH"
2474,"MALIGNANCY"
2475,"INTESTINE"
2476,"DUCT"
2477,"LACTATING"
2478,"BATTERED"
2479,"NEGLECT"
2480,"CHILDREN"
2481,"ASSAULTS"
2482,"HARMFUL"
2483,"CALLOSITIE"
2484,"CALLOSITY"
2485,"NESB"
2486,"ABRUPTION"
2487,"UTERUS"
2488,"PUERPERIUM"
2489,"PRAEVIA"
2490,"ABLATION"
2491,"IMPLANTATI"
2492,"CONSCIOUSN"
2493,"HISTORY"
2494,"DYING"
2495,"BETTER"
2496,"EBV"
2497,"EPSTEIN"
2498,"INFECTIONS"
2499,"ARTHROPOD"
2500,"MYCOBACTER"
2501,"PARASITIC"
2502,"BIOPSY"
2503,"MALFUNCTIO"
2504,"SUPPLY"
2505,"POSITIVE"
2506,"IMPLANTS"
2507,"DEVICES"
2508,"ABANDONMEN"
2509,"SEPARATION"
2510,"SUDDEN"
2511,"CUSTODY"
2512,"ATTEND"
2513,"PATIENT"
2514,"APPOINTMEN"
2515,"PERPETRATO"
2516,"VICTIM"
2517,"SECURITY"
2518,"FEMALE"
2519,"PHYSIOLOGI"
2520,"FTT"
2521,"THRIVE"
2522,"STATURE"
2523,"ACQUIRED"
2524,"HANSENS"
2525,"BODY"
2526,"LOUSE"
2527,"PUBIC"
2528,"FLEAS"
2529,"LARVAE"
2530,"PROMOTION"
2531,"INFORMATIO"
2532,"SCREENING"
2533,"DIMINISHED"
2534,"BCG"
2535,"DIPTHERIA"
2536,"PNEUMOCOCC"
2537,"HIBTITER"
2538,"NEUROLOGIC"
2539,"TYPHOID"
2540,"PROPHYLAXI"
2541,"ASSESSMENT"
2542,"MODIFICATI"
2543,"MAINTENANC"
2544,"INDEPENDEN"
2545,"FUNCTION"
2546,"INTERPRETE"
2547,"CESTODE"
2548,"IDENTITY"
2549,"HOMOSEXUAL"
2550,"BRONCHUS"
2551,"TRACHEA"
2552,"EXCHANGE"
2553,"PLANT"
2554,"SUBCUTANEO"
2555,"NUTRITIONA"
2556,"OVARY"
2557,"ENDOMETRIU"
2558,"FRIENDS"
2559,"CARCINOMAT"
2560,"PODIATRIST"
2561,"PTSD"
2562,"UROGENITAL"
2563,"CANDIDAL"
2564,"MONILIAL"
2565,"TRICHOMONA"
2566,"VULVAL"
2567,"NABOTHIAN"
2568,"FOLLICLE"
2569,"FOLLICULAR"
2570,"SYPHILITIC"
2571,"SEMINAL"
2572,"EPIDIDYMIS"
2573,"TESTICULAR"
2574,"NGU"
2575,"SEXUALITY"
2576,"INSECT"
2577,"PODIATRY"
2578,"SEE"
2579,"READING"
2580,"CRIB"
2581,"MORTEM"
2582,"SURVIVOR"
2583,"RACISM"
2584,"COLI"
2585,"IMAGE"
2586,"CRIME"
2587,"SYSTEM "
2588,"AVAILABILI"
2589,"RELIEF"
2590,"GAMBLING"
2591,"INFIDELITY"
2592,"SENSATIONS"
2593,"SENSORY"
2594,"DYSTONIC"
2595,"SPLEEN"
2596,"POLYCYTHAE"
2597,"MYELOPROLI"
2598,"MF"
2599,"PRV"
2600,"PV"
2601,"AML"
2602,"ALL"
2603,"CLL"
2604,"CLOTTING"
2605,"FACTOR"
2606,"IDIOPATHIC"
2607,"FIBRINOLYT"
2608,"FULMINANT"
2609,"TONSILLECT"
2610,"ADENOIDECT"
2611,"RESECTION"
2612,"SUPRAPUBIC"
2613,"DEFAECATIO"
2614,"DEPRIVATIO"
2615,"DEPRIVED"
2616,"UROLOGICAL"
2617,"SUFFOCATIO"
2618,"NOISY"
2619,"AIR"
2620,"BPV"
2621,"TUNNEL"
2622,"TESTS"
2623,"NOISES"
2624,"SKIPPING"
2625,"LESBIANISM"
2626,"APNOEA"
2627,"TOXICITY"
2628,"HIGH"
2629,"DM"
2630,"DIABETIC"
2631,"SCARLITINA"
2632,"ADENOIDS"
2633,"RELATIVE"
2634,"GAS"
2635,"GASTROINTE"
2636,"TARRY"
2637,"BLACK"
2638,"GRINDING"
2639,"GORD"
2640,"OR"
2642,"MALLORYWEI"
2643,"POUCH"
2644,"INDIRECT"
2645,"TENDERNESS"
2646,"PLANNING"
2647,"CONCEIVE"
2648,"PUREPERAL"
2649,"PPH"
2650,"CHILDBEARI"
2651,"SEPSIS"
2652,"LUES"
2653,"ALLIED"
2654,"PHYSICIAN"
2655,"SURGEON"
2656,"PAEDIATRIC"
2657,"ALLERGIST"
2658,"GERIATRICI"
2659,"OPHTHALMOL"
2660,"ENT"
2661,"DERMATOLOG"
2662,"REPRODUCT"
2663,"MUSCULO"
2664,"ORTHOPAED"
2665,"UROLOGY"
2666,"UROLOGIST"
2667,"NEUROLOGY"
2668,"NEUROLOGIS"
2669,"GYNAECOLOG"
2670,"CHIROPRACT"
2671,"OT"
2672,"PHYSIOTHER"
2673,"DENTIST"
2674,"DIETICIAN"
2675,"CHIROPODIS"
2676,"UNWANTED"
2677,"POSSIBLE"
2678,"RISK"
2679,"ELDERLY"
2680,"CS"
2681,"VACUUM"
2682,"FUO"
2683,"PUO"
2684,"SWEATS"
2685,"ILLNESS"
2686,"DIAGNOSIS"
2687,"CAR"
2688,"AUTOMOBILE"
2689,"KLINEFELTE"
2690,"ASPHYXIA"
2691,"SMALL"
2692,"MORBIDITY"
2693,"OMPHALITIS"
2694,"MORTALITY"
2695,"NO"
2696,"PROBLEMS"
2697,"LATEEFFECT"
2698,"PROGESTERO"
2699,"NVD"
2700,"PREECLAMPS"
2701,"PREECLAMPT"
2702,"ECLAMPTIC"
2703,"LYMPH"
2704,"ORGANS"
2705,"LEUKAEMIA"
2706,"GLANDS"
2707,"ACUTEMYELO"
2708,"ACUTELYMPH"
2709,"MYELOID"
2710,"CHRONICLYM"
2711,"NHL"
2712,"NONHODGKIN"
2713,"BONEMARROW"
2714,"LYMPHATICS"
2715,"SICKLECELL"
2716,"IRON"
2717,"IRONDEFICI"
2718,"LYMPHOCYTE"
2719,"LEUCOCYTE"
2720,"WHITECELLS"
2721,"LFT"
2722,"LIVERFUNCT"
2723,"BLOODALCOH"
2724,"BLOODSUGAR"
2725,"GLUCOSETOL"
2726,"TOLERANCE"
2727,"ENZYMES"
2728,"TRANSAMINA"
2729,"ESR"
2730,"RBC"
2731,"REDBLOOD"
2732,"HAEMATOLOG"
2733,"MASTOID"
2734,"SHAPE"
2735,"SIZE"
2736,"CRACKING"
2737,"PICKING"
2738,"POPPING"
2739,"OTITISMEDI"
2740,"MIDDLEEAR"
2741,"GLUEEAR"
2742,"EARDRUM"
2743,"AURICLE"
2744,"TUBERCLE"
2745,"CONDUCTIVE"
2746,"SENSONEUR"
2747,"FOLICACID"
2748,"OCPILL"
2749,"STILLBIRTH"
2750,"ORF"
2751,"SE"
2752,"SIDEEFFECT"
2753,"NONMEDICIN"
2754,"POSTMORTEM"
2755,"EMPTYNEST"
2756,"MIDLIFE"
2757,"BRAINDAMAG"
2758,"PUNCHDRUNK"
2759,"GLOBUSHYST"
2760,"SELFDESTRU"
2761,"OVERWORK"
2762,"OUTOF"
2763,"DRUGADDICT"
2764,"INLAWS"
2765,"CHILDABUSE"
2766,"LAZYEYE"
2767,"PUFFY"
2768,"CONTACTLEN"
2769,"FLASHBURN"
2770,"LACRIMALDU"
2771,"DETACHMENT"
2772,"REFRACTION"
2773,"LENS"
2774,"ARCUSSENIL"
2775,"COLOURVISI"
2776,"COLOURBLIN"
2777,"DEFICIENCI"
2778,"DRYEYES"
2779,"DEPOPROVER"
2780,"MILKDUCT"
2781,"HANDFOOT"
2782,"CATSCRATCH"
2783,"POSTTERM"
2784,"POSTMATURE"
2785,"PREMATURIT"
2786,"SCALP"
2787,"BITTEN"
2788,"ANIMAL"
2789,"CORKEDLEG"
2790,"CRUSHED"
2791,"PUNCTUM"
2792,"LACRIMAL"
2793,"DIGITATA"
2794,"FILIFORMIS"
2795,"VULGARIS"
2796,"PLANTARIS"
2797,"SOFTTISSUE"
2798,"DAMAGED"
2799,"TEXTURE"
2800,"BREAKING"
2801,"RIDGED"
2802,"SPLITTING"
2803,"APPEARANCE"
2804,"HAIRINESS"
2805,"SUPERFLUOU"
2806,"NAVEL"
2807,"HEALING"
2808,"COLDSORES"
2809,"CRADLECAP"
2810,"ATOPIC"
2811,"DIAPER"
2812,"NAPPY"
2813,"FLEXURAL"
2814,"OAK"
2815,"IVY"
2816,"NAPKIN"
2817,"ROSEA"
2818,"ALBA"
2819,"RUBRA"
2820,"SWEATGLAND"
2821,"DYSHYDROTI"
2822,"CONGLOBATE"
2823,"MULTIFORME"
2824,"POSTTRAUMA"
2825,"INVOLUNTAR"
2826,"START"
2827,"SMELL"
2828,"ODOUR"
2829,"DARK"
2830,"NONGONOCCA"
2831,"NONSPECIFI"
2832,"POLYPS"
2833,"STONES"
2834,"ACUTERENAL"
2835,"CHRONICREN"
2836,"ILIACFOSSA"
2837,"UMBILICAL"
2838,"EPIGASTRIC"
2839,"GASPAIN"
2840,"HARD"
2841,"MOVEMENTS"
2842,"MUCUS"
2843,"BOWELS"
2844,"LIPS"
2845,"FOUL"
2846,"FOODPOISIO"
2847,"GIT"
2848,"PANCREAS"
2849,"ABNORMALIT"
2850,"ANGULARCHE"
2851,"CHEILOSIS"
2852,"JEJUNAL"
2854,"INCISIONAL"
2855,"ANALSPASM"
2856,"ULCERATIVE"
2857,"BILEDUCT"
2858,"BREATHE"
2859,"NONPRODUCT"
2860,"STUFFYNOSE"
2861,"RAW"
2862,"RED"
2863,"TONSILS"
2864,"PHLEGM"
2865,"COIN"
2866,"HICCUPS"
2867,"WHOOPINGCO"
2868,"STREPTHROA"
2869,"G6PD"
2870,"UPPERRESPI"
2871,"HEADCOLD"
2872,"LARYNX"
2873,"VOCALCORD"
2874,"GLOTTIS"
2875,"MALPOSITIO"
2876,"PRIMIGRAVI"
2877,"STILLBORN"
2878,"PLEURAL"
2879,"RHESUS"
2880,"GLUCOSE"
2882,"FUNNY"
2883,"CRICKNECK"
2884,"NERVEROOT"
2885,"FLANK"
2886,"SIDE"
2887,"LOIN"
2888,"AXILLA"
2889,"ARMPIT"
2890,"CALF"
2891,"JOINTS"
2892,"EHLERSDANL"
2893,"KNOCKKNEE"
2894,"GENUVALGUM"
2895,"ROTATORCUF"
2896,"OSGOODSCHL"
2897,"DISSECANS"
2898,"JUVENALIS"
2899,"TORN"
2900,"PESPLANUS"
2901,"FOOTDROP"
2902,"RIGIDUS"
2903,"VALGUS"
2904,"HAMMERTOE"
2905,"CLAWFOOT"
2906,"PESCAVUS"
2907,"NONUNION"
2908,"FAST"
2909,"RAPID"
2910,"DECREASED"
2911,"QUICK"
2912,"RACING"
2913,"WEAKNESS"
2914,"SYDENHAMS"
2915,"BLOODPRESS"
2916,"HIGHBLOOD"
2917,"DEEP"
2918,"FIBROMYALG"
2919,"BIKE"
2920,"LVF"
2921,"STENTS"
2922,"ILIAC"
2923,"ANGIOGRAPH"
2924,"HEATSTROKE"
2925,"BEESTING"
2926,"INVESTIGAT"
2927,"COTDEATH"
2928,"NODES"
2929,"IMMUNODEFI"
2930,"WEGENERS"
2931,"HEREDITARY"
2932,"BSL"
2933,"PREDIABETE"
2934,"CHEMISTRY"
2935,"GTT"
2936,"GIANTCELL"
2937,"NAEVI"
2938,"AV"
2939,"DISSOCIATI"
2940,"THIRDDEGRE"
2942,"FIRSTDEGRE"
2943,"PTCA"
2944,"PERCUTANEO"
2945,"EXTREMITIE"
2946,"BATEARS"
2947,"BAT"
2948,"BITTER"
2949,"TOUCH"
2950,"OLFACTORY"
2951,"SUPPURATIV"
2952,"BRANCHIAL"
2953,"ENTEROVIRU"
2954,"ENTEROVIRA"
2955,"CNS"
2956,"MUTISM"
2957,"MENINGES"
2958,"BIFIDA"
2959,"PARKINSONS"
2960,"TONICCLONI"
2961,"GRANDMAL"
2962,"PETITMAL"
2963,"CLUSTER"
2964,"BRACHIAL"
2965,"PLEXUS"
2966,"ARMS"
2967,"LEGS"
2968,"TARSALALGI"
2969,"EQUINA"
2970,"NEURON"
2971,"THIRSTY"
2972,"HUNGRY"
2973,"EAT"
2974,"STOP"
2975,"GAIN"
2976,"METABOLISM"
2977,"METABOLIC"
2978,"CRAVING"
2979,"TALL"
2980,"GRAVES"
2981,"HYPOGLYCAE"
2982,"NONINSULIN"
2983,"MELLITUS"
2984,"TYPE1"
2985,"TYPE2"
2986,"BERIBERI"
2987,"PKU"
2988,"HYPERALDOS"
2989,"DISACCHARI"
2990,"AMINOACID"
2991,"TESTES"
2992,"PENILE"
2993,"JOCK"
2994,"FERTILITY"
2995,"STERILIZAT"
2996,"TESTICLE"
2997,"MEDIANBAR"
2998,"MIDCYCLE"
2999,"SCANTY"
3000,"CYCLE"
3001,"MENOPAUSAL"
3002,"LABIA"
3003,"OVARIES"
3004,"HYMEN"
3005,"CIN1"
3006,"PAPSMEAR"
3007,"CIN2"
3008,"LOWGRADE"
3009,"PMT"
3010,"INSITU"
3011,"CIN3"
3012,"MOBILITY"
3013,"AIRPRESSUR"
3014,"DUCTUS"
3015,"SECONDDEGR"
3016,"HIGHRISK"
3017,"INVITRO"
3018,"INTRAARTIC"
3019,"ARTICULAR"
3020,"INTRAOCULA"
3021,"LECELL"
3022,"LIFESTAGE"
3023,"TEMPORARY"
3024,"LARGE"
3025,"HYDATID"
3026,"CML"
3027,"PHARYNGEAL"
3028,"IUGR"
3029,"INTRAPARTU"
3030,"NONCOMPLIA"
3031,"NONENGLISH"
3032,"NOTCOPING"
3033,"PATENTDUCT"
3034,"PEAKFLOW"
3035,"POSTVIRAL"
3036,"OPERATIVE"
3037,"PREEMPLOYM"
3038,"SELFESTEEM"
3039,"TISSUE"
3040,"STRESSTEST"
3041,"TRIPLEANTI"
3042,"ANTIGEN"
3043,"UVLIGHT"
3044,"COOMBS"
3045,"TONGUETIE"
3046,"VPSHUNT"
3047,"TMJ"
3048,"ANTIBODY"
3049,"MONONUCLEA"
3050,"AGGLUTINAT"
3051,"DESTRUCTIO"
3052,"THERAPIST"
3053,"POLYHYDRAM"
3054,"DISTRESS"
3055,"VISIT"
3056,"ENCOUNTER"
3057,"URINATE"
3058,"DOCTOR"
3059,"TYPING"
3060,"EXCISE"
3061,"AEROPHAGY"
3062,"GAMMAGLOBU"
3063,"INCISE"
3064,"CULTURE"
3065,"STOOLS"
3066,"OVA"
3067,"CONTENTS"
3068,"INCLUSION"
3069,"EPIDERMOID"
3070,"DUODENUM"
3071,"PHARYNX"
3072,"BLIND"
3073,"ELECTRICAL"
3074,"WASHING"
3075,"ENUCLEATIO"
3076,"PROBE"
3077,"PROBING"
3078,"NASOLACRIM"
3079,"RELEASE"
3080,"REDUCTION"
3081,"STOCKINGS"
3082,"LYMPHADENA"
3083,"PERITONEAL"
3084,"DEFORMITY"
3085,"PESSARY"
3086,"PHENYLHYDA"
3087,"ARTHROGRAP"
3088,"AMINO"
3089,"RVF"
3090,"BVF"
3091,"CORPULMONA"
3092,"HAEMOCHROM"
3093,"PCO"
3094,"TAP"
3095,"OSTEOECTOM"
3096,"CARDIOLOGI"
3097,"CARDIOTHOR"
3098,"RHEUMATOLO"
3099,"NEUROSURGE"
3100,"ENDOCRINOL"
3101,"PCB"
3102,"LEUCORRHOE"
3103,"LEUCOPLAKI"
3104,"DONOR"
3105,"RHYTHM"
3106,"HUMEROSCAP"
3107,"AMNIOTIC"
3108,"PORTWINE"
3109,"STAIN"
3110,"STRAWBERRY"
3111,"CAVERNOUS"
3112,"SABIN"
3113,"CURETTAGE"
3114,"CROHNS"
3115,"GUILLAINBA"
3116,"TURNERS"
3117,"IVP"
3118,"ENCEPHALOP"
3119,"HYPERGLYCA"
3120,"ANOSMIA"
3121,"MENINGISM"
3122,"ENCEPHALOM"
3123,"COLECTOMY"
3124,"TWITCHING"
3125,"PLASTIC"
3126,"PSA"
3127,"PANCREATIT"
3128,"DERMATOGRA"
3130,"SOILING"
3131,"NECROBIOSI"
3132,"LIPOIDICA"
3133,"MASTECTOMY"
3135,"CAP"
3137,"MISERABLE"
3138,"WHEEZE"
3139,"SAD"
3141,"LACK"
3142,"GESTATIONA"
3143,"COORDINATE"
3144,"ALONE"
3145,"INTRAUTERI"
3146,"RECTOCOELE"
3147,"AAA"
3148,"INDIVIDUAL"
3149,"TRICUSPID"
3150,"TRACHEOSTO"
3151,"DETERIORAT"
3152,"JOHNSON"
3153,"ASCITES"
3154,"SUBPHRENIC"
3155,"TRANSIENCE"
3156,"PMS"
3157,"PARAESTHES"
3158,"TINGLING"
3159,"PINS"
3160,"SALT"
3161,"HYGIENE"
3162,"TEARS"
3163,"MOIST"
3164,"AUTOIMMUNE"
3165,"PARENTAL"
3166,"HYPONATRAE"
3167,"SODIUM"
3168,"HYPERNATRA"
3169,"CONSTRICTI"
3170,"CHONDRITIS"
3171,"STAPHYLOCO"
3172,"RESISTANT"
3173,"AUREUS"
3174,"GYNAECOMAS"
3175,"HELICOBACT"
3176,"GASTROESOP"
3177,"DEHISCENCE"
3178,"THROMBOPLA"
3179,"APLASIA"
3180,"WBC"
3181,"GRANULOCYT"
3182,"ERYTHROCYT"
3183,"VARIOLA"
3184,"INDUCED"
3185,"STRUCK"
3186,"OXYGEN"
3187,"CLUMSY"
3188,"IMPROVED"
3189,"ENERGY"
3190,"ULCERATING"
3191,"CONTAGIOSU"
3192,"DIGESTION"
3194,"HYPERACIDI"
3195,"QUADRANT"
3196,"ILIUM"
3197,"FILARIAE"
3198,"ERUPTION"
3199,"ILEUM"
3200,"OBSERVE"
3201,"VAGUS"
3202,"FUNDUS"
3203,"RFE"
3204,"AMOEBA"
3205,"DECAY"
3206,"GINGIVA"
3207,"NARROWING"
3208,"FUGAX"
3209,"MESENTERY"
3210,"REM"
3211,"EYEBALL"
3212,"ERROR"
3213,"CHORIOID"
3214,"EVERSION"
3215,"EPISCLERA"
3216,"PROTRUSION"
3217,"IRIS"
3218,"CILIARY"
3219,"SCLERA"
3220,"UVEA"
3221,"XANTHOMA"
3222,"SOUND"
3223,"MEASUREMEN"
3224,"MEATUS"
3225,"LEUKOCYTOS"
3226,"VERSION"
3227,"MUTILATION"
3228,"CHLOASMA"
3229,"MELASMA"
3230,"PALLIATIVE"
3231,"BARRETTS"
3232,"OPTHALMICU"
3233,"TARDIVE"
3234,"DYSKINESIA"
3235,"BREAKDOWN"
3236,"ASEPTIC"
3237,"SHINGLES"
3238,"HPYLORI"
3239,"MENSES"
3240,"UREMIC"
3241,"ICTERUS"
3242,"WINDY"
3243,"PLEURITIS"
3244,"DUMB"
3245,"POLYPHAGIA"
3246,"FIBROMYOMA"
3247,"PRISON"
3248,"JAIL"
3249,"VERBAL"
3250,"PSEUDOHYPO"
3251,"DEGREE"
3252,"TOTAL"
3253,"BILATERAL"
3254,"FB"
3255,"METASTASES"
3256,"METASTASIS"
3258,"WILSONS"
3259,"LYME"
3260,"DEFORMED"
3262,"CARBON"
3263,"MONOXIDE"
3264,"ANAESTHETI"
3265,"ELECTROLYT"
3266,"CARRIER"
3267,"LYMPHOCYTO"
3268,"INHALED"
3270,"STUPOR"
3271,"PINNA"
3272,"HEBERDENS"
3273,"EXTRADURAL"
3274,"FULFILMENT"
3275,"TACHYPNOEA"
3276,"PARAINFLUE"
3277,"WHEEZY"
3278,"CELLULITE"
3279,"PETECHIAE"
3280,"PREMALIGNA"
3282,"PITUITARY"
3283,"PRECOCIOUS"
3284,"PSEUDOGOUT"
3285,"CONVULSIVE"
3286,"CEPHALOPEL"
3287,"FOETUS"
3289,"VAGINOSIS"
3290,"HEALED"
3291,"RETRACTILE"
3292,"UNCERTAIN"
3293,"MILESTONES"
3294,"LYMPHOID"
3295,"HOOKWORM"
3296,"CRANIUM"
3297,"FASCIA"
3298,"FAKE"
3300,"GRANULOMAT"
3301,"STAPLING"
3302,"CREPITUS"
3303,"CLICKING"
3304,"CRACKLING"
3305,"HEELS"
3306,"FIBROSING"
3307,"ALVEOLITIS"
3308,"WORKAHOLIC"
3309,"SHORTWAVE"
3310,"GAMMOPATHY"
3311,"CREATININE"
3312,"PEYRONIES"
3313,"ENEMA"
3314,"INFUSION"
3316,"LITERACY"
3317,"POISONOUS"
3318,"ILLICIT"
3319,"DOG"
3320,"PADS"
3321,"ICE"
3322,"ANT"
3323,"MOSQUITO"
3324,"WASP"
3325,"JELLYFISH"
3326,"AQUATIC"
3327,"COUNT"
3328,"ALDOSTERON"
3329,"BARTTERS"
3331,"LA"
3332,"OSTEOPENIA"
3333,"SOFTENING"
3335,"POTASSIUM"
3336,"HYPOKALAEM"
3337,"HYPERKALAE"
3338,"CALCIUM"
3339,"HYPERCALCA"
3340,"HYPOCALCAE"
3341,"THERMAL"
3342,"HYDROTHERA"
3343,"STEAM"
3344,"INHALATION"
3346,"MICROWAVE"
3347,"STIMULATIO"
3348,"REASSURANC"
3349,"RIB"
3350,"BED"
3351,"NATUROPATH"
3352,"DOSAGE"
3354,"NEW"
3355,"CARER"
3356,"ORDER"
3357,"ORGANISE"
3358,"FRAME"
3359,"OG"
3360,"GAU"
3361,"MEALS"
3362,"WHEELS"
3363,"EMERGENCY"
3364,"DIVERSIONA"
3365,"ORTHODONTI"
3366,"OPTOMETRIS"
3367,"SPORTS"
3368,"OSTEOPATH"
3369,"MIDWIFERY"
3370,"RESPITE"
3371,"CT"
3372,"USS"
3373,"CONTRAST"
3374,"EXTREMITY"
3375,"ALIMENTARY"
3376,"IMAGING"
3377,"MOODY"
3378,"SWINGS"
3379,"HYPOPHYSEC"
3380,"MRI"
3381,"MAGNETIC"
3382,"NUCLEAR"
3383,"ISOTOPE"
3384,"HCG"
3385,"ASSAY"
3386,"PHOSPH"
3387,"PACP"
3388,"TACP"
3389,"AP"
3390,"ACTIVATED"
3391,"PTTK"
3392,"ALT"
3393,"ALAT"
3394,"ALANINE"
3395,"AMINOTRANS"
3396,"SGPT"
3397,"ALKALINE"
3398,"ALP"
3399,"AMYLASE"
3400,"ANA"
3401,"ANF"
3402,"ANTINUCLEA"
3403,"ASAT"
3404,"ASPARTATE"
3405,"AST"
3406,"SGOT"
3407,"BILIRUBIN"
3408,"CREACTIVE"
3409,"SBT"
3410,"ABO"
3411,"COMPATIBIL"
3412,"CE"
3413,"SWAB"
3415,"TRACHOMATI"
3416,"CHLORIDE"
3417,"CORTISOL"
3418,"CK"
3419,"CPK"
3420,"KINASE"
3421,"CLEARANCE"
3422,"DIGOXIN"
3423,"SEDIMENTAT"
3424,"EUC"
3425,"UEC"
3426,"FERRITIN"
3427,"MCS"
3428,"FBC"
3429,"FBE"
3430,"HAEMATOCRI"
3431,"HAEMOGLOBI"
3432,"HB"
3433,"HCT"
3434,"WCC"
3435,"GGT"
3436,"GLUTAMYL"
3437,"FBG"
3438,"FBS"
3439,"RBG"
3440,"RBS"
3441,"HBA1C"
3443,"HDLC"
3444,"SEROLOGY"
3445,"IGG"
3446,"IGM"
3447,"STUDY"
3448,"FES"
3449,"LDH"
3450,"LACTATE"
3451,"PROFILE"
3452,"LDLC"
3453,"LITHIUM"
3454,"METHADONE"
3455,"BUNNELL"
3456,"MBS"
3457,"BIOCHEMIST"
3458,"DILANTIN"
3459,"PHENYTOIN"
3460,"PHOSPHATE"
3462,"INR"
3463,"RAST"
3464,"RETICULOCY"
3465,"RF"
3466,"ARBOVIRUS"
3467,"RRV"
3468,"ROTAVIRUS"
3469,"SCHILLINGS"
3470,"THROMBIN"
3471,"TSH"
3472,"TFT"
3473,"TRIIODOTHY"
3474,"TRANSFERRI"
3475,"URIC"
3476,"URATE"
3477,"SUA"
3478,"FSH"
3479,"T3"
3480,"REPEAT"
3481,"MSU"
3482,"VIRAEMIA"
3483,"BLG"
3484,"ACAT"
3485,"WEDGE"
3486,"CRUTCHES"
3487,"SCRAPINGS"
3488,"ASPERGILLO"
3489,"ONCOLOGIST"
3490,"ONCOLOGY"
3492,"BARIUM"
3493,"PATHOLOGY"
3495,"PEMPHIGOID"
3496,"WAIT"
3497,"WELL"
3498,"NITROGEN"
3499,"PROLACTIN"
3500,"CRP"
3501,"THIAMINE"
3503,"ECU"
3504,"DOSE"
3505,"GAT"
3506,"CFS"
3507,"DRIVING"
3508,"CAPACITY"
3509,"HVS"
3510,"SHCG"
3511,"UCG"
3513,"FOREARM"
3514,"MICTURITIO"
3515,"BMD"
3516,"DENSITY"
3517,"HUSKY"
3518,"SNIFFLING"
3519,"SNIFFLES"
3520,"FBP"
3522,"HEAVY"
3523,"PND"
3524,"DHEAS"
3525,"CMV"
3526,"CEA"
3527,"SMAC"
3528,"XM"
3529,"RPR"
3530,"SELI"
3531,"Q4CG"
3532,"CBE"
3533,"PTH"
3534,"RTI"
3535,"ASTHENIA"
3536,"COCCYX"
3537,"OTALGIA"
3538,"MASTALGIA"
3539,"MONOCYTE"
3540,"MONOCYTOSI"
3541,"CYTOMEGALO"
3542,"CRYPTOSPOR"
3543,"WORKCOVER"
3544,"DOPPLER"
3545,"RICE"
3546,"VENESECTIO"
3547,"PHLEBOTOMY"
3548,"ANTICOAGUL"
3549,"PATCH"
3550,"GLIOBLASTO"
3551,"RADICULOPA"
3552,"SUPRASPINA"
3553,"SOCKET"
3554,"AUDIOLOGIS"
3555,"URGENT"
3556,"AWFUL"
3557,"URICEMIA"
3558,"FORM"
3559,"PROSTHESIS"
3560,"GERD"
3561,"ONYCHOLYSI"
3562,"PMR"
3563,"LVS"
3564,"BHCG"
3565,"VENEPUNCTU"
3566,"FITNESS"
3567,"POSTHERPET"
3568,"ANSCREEN"
3570,"TRIPLETEST"
3571,"RFT"
3572,"DETOXIFICA"
3573,"MYELODYSPL"
3574,"FOURTH"
3575,"NUTRITIONI"
3577,"CANAL"
3578,"COSMETIC"
3579,"PHEOCHROMO"
3580,"INTRAVASCU"
3581,"DIC"
3582,"INSULINOMA"
3583,"HYPERPYREX"
3584,"HYPERTHERM"
3585,"POLYANGITI"
3586,"DYSTHYMIA"
3587,"IV"
3588,"TOURETTES"
3589,"ORCHIDECTO"
3590,"AOM"
3591,"RIF"
3592,"OFFENSIVE"
3593,"IVT"
3594,"PEF"
3595,"GLIOMA"
3596,"CTG"
3597,"BGAB"
3598,"ISHIHARA"
3599,"HAEMATOCHR"
3600,"PARAPARESI"
3601,"MOD"
3602,"MATURE"
3603,"PERSISTENT"
3604,"ECOLI"
3605,"ESCHERICHI"
3606,"ERECTILE"
3607,"OLIGOSPERM"
3608,"DEQUERVAIN"
3610,"HYPERPROLA"
3611,"PROLACTINO"
3612,"NURSE"
3613,"CENTRE"
3614,"VALSALVAS"
3615,"MANOEUVRE"
3616,"FRUCTOSAMI"
3617,"HLA"
3618,"ANDROGENS"
3619,"PARVOVIRUS"
3620,"FFA"
3621,"ABGS"
3622,"CPEPTIDE"
3623,"PEPTIDE"
3624,"ENDOMYSIAL"
3625,"AEA"
3626,"ANTIGLIADI"
3627,"GLIADIN"
3628,"AGA"
3629,"BARMAH"
3630,"FOREST"
3631,"BFV"
3632,"ASOT"
3633,"ANTISTREPT"
3634,"LH"
3635,"LUTEINIZIN"
3636,"OESTRADIOL"
3637,"SIMPLEX"
3638,"FIBRINOGEN"
3639,"SURFACE"
3640,"MARKERS"
3641,"ALPHAFETOP"
3642,"FETOPROTEI"
3643,"ELECTROPHO"
3644,"CARCINOEMB"
3645,"CB"
3647,"GONADOTROP"
3648,"HYPOXIA"
3649,"VENTRAL"
3650,"LOBOTOMY"
3651,"HAEMOSIDER"
3652,"IGE"
3653,"SEMEN"
3654,"CHDL"
3655,"IMMUNOFLOU"
3656,"CHL"
3657,"HV3"
3658,"RBP"
3659,"BG"
3660,"ELFT"
3661,"FC"
3662,"RCF"
3663,"GLF"
3664,"VIR"
3665,"AU"
3666,"HEPBS"
3667,"HEPC"
3669,"HEPB"
3670,"HEPD"
3671,"HEPE"
3672,"OD"
3673,"PG"
3674,"UPS"
3675,"SES"
3676,"UNA"
3677,"UC"
3679,"CA125"
3680,"CA153"
3681,"CA199"
3682,"BMM"
3683,"IG"
3685,"CSP3"
3686,"VZV"
3687,"FBZ"
3688,"HISTOPATHO"
3689,"HERNIATION"
3690,"PEG"
3691,"DTPA"
3692,"OPG"
3693,"HT"
3694,"BC"
3695,"BORDATELLA"
3696,"BORP"
3697,"CBC"
3698,"MG"
3699,"MAGNESIUM"
3700,"IRS"
3701,"FRONTAL"
3702,"SLAPPED"
3703,"ADMIT"
3704,"ADMISSION"
3705,"SIADH"
3706,"ANTIDIURET"
3707,"ALPORTS"
3708,"ANGIODYSPL"
3709,"NTD"
3710,"TRISOMY21"
3711,"PCR"
3713,"LOCAL"
3714,"KAPOSIS"
3715,"SUPERNUMER"
3716,"CREST"
3717,"TENDINITIS"
3718,"ANGIOGRAM"
3719,"THALLIUM"
3720,"THUMB"
3721,"KUB"
3722,"MALLEOLUS"
3723,"CXR"
3724,"FETAL"
3725,"AXR"
3726,"DENSITOMET"
3728,"URETERECTO"
3729,"CERVICOTHO"
3730,"SACROCOCCY"
3731,"THORACOLUM"
3732,"TICKS"
3733,"ADL"
3734,"INFECTED"
3735,"CONSOLIDAT"
3736,"OSTEOPHYTE"
3737,"OCULOMOTOR"
3738,"CHONDROCAL"
3739,"MALE"
3740,"ANDROPAUSE"
3741,"ANDROPAUSA"
3742,"SYMPATHECT"
3743,"TRANSCUTAN"
3744,"RHOMBERG"
3745,"TRENDELENB"
3746,"VQ"
3747,"DNA"
3748,"MINERAL"
3749,"ELEMENT"
3750,"ZINC"
3751,"FUZZY"
3753,"TILT"
3754,"PARING"
3755,"HOMOCYSTEI"
3756,"EMG"
3757,"ELECTROMYO"
3758,"MYOGRAM"
3759,"STINGING"
3760,"UNSETTLED"
3761,"PERITONEUM"
3762,"TRANSITION"
3763,"TCC"
3764,"PROCTOLOGI"
3765,"HOMEOPATH"
3766,"PIG"
3767,"UMCS"
3768,"MENARCHE"
3769,"VOIDING"
3770,"QUIET"
3771,"MACROCEPHA"
3772,"CRANIOSYNO"
3773,"CRANIOSTOS"
3774,"IMPINGEMEN"
3775,"HYGROMA"
3776,"PLAGIOCEPH"
3777,"VONWILLEBR"
3778,"MICROALBUM"
3779,"LANCED"
3781,"UDS"
3782,"BDS"
3783,"RANDOM"
3784,"TROPONIN"
3785,"PLASMA"
3786,"REAGIN"
3787,"THYROXINE"
3788,"EPG"
3789,"UHCG"
3790,"TRIPLE"
3791,"WARD"
3792,"FWT"
3793,"URISTIX"
3794,"VALPROATE"
3795,"EPILIM"
3796,"TEGRETOL"
3797,"CARBAMAZPI"
3798,"LOAD"
3799,"TYPE"
3800,"TCELL"
3801,"ALBUMIN"
3802,"CROSS"
3803,"MATCH"
3804,"XMATCH"
3805,"INTRINSIC"
3806,"EC"
3807,"MITOCHONDR"
3808,"FIBRIN"
3809,"DIMER"
3810,"FILM"
3811,"THICK"
3812,"GST"
3813,"GLUTAHIONE"
3814,"TRANSFERAS"
3815,"GSH"
3816,"GLYCATED"
3817,"FNA"
3818,"TIBC"
3819,"ECS"
3820,"TPHA"
3821,"FATS"
3822,"EPP"
3823,"CATECHOLAM"
3824,"ANTINEUTRO"
3825,"CYTOPLASMI"
3826,"ANCA"
3827,"SYNCTIAL"
3828,"RSV"
3829,"T4"
3830,"IFBA"
3831,"IS"
3832,"TPI"
3833,"APCR"
3834,"EIA"
3835,"CTX"
3836,"CYT"
3837,"AFB"
3838,"CAERULOPLA"
3839,"RATIO"
3840,"ACR"
3841,"CASE"
3842,"CONFERENCE"
3843,"REVERSAL"
3844,"METAPLASIA"
3845,"UNPLANNED"
3846,"COGNITIVE"
3847,"CBT"
3848,"ADC"
3849,"MICROCYTOS"
3850,"NEUTROPHIL"
3851,"MYCETOMA"
3852,"HEMIANOPIA"
3853,"CHOLESTASI"
3854,"SCLEROSUS"
3855,"VITRECTOMY"
3856,"WHITE"
3857,"CREPITATIO"
3858,"MICROCYTIC"
3859,"OSLER"
3860,"CTS"
3861,"DT"
3862,"PSYCHOSOMA"
3863,"WANDERING"
3864,"FATTY"
3865,"DYSPHORIA"
3866,"PMDD"
3867,"MASSEUR"
3868,"FLOOR"
3869,"5HIAA"
3870,"HOSPICE"
3871,"SMOKE"
3872,"ACUPRESSUR"
3873,"COMMUNITY"
3874,"OSTEOPOROT"
3875,"PACKED"
3876,"CELL"
3877,"VOLUME"
3878,"PCV"
3879,"ASPERGER"
3880,"DYSLIPIDEM"
3881,"ADENOIDITI"
3882,"AFP"
3883,"VDS"
3884,"EU"
3885,"EPIPHORA"
3886,"PAUL"
3887,"MC"
3888,"FUSED"
3889,"AQUAPUNCTU"
3890,"ACA"
3891,"FASTING"
3894,"HGM"
3895,"BGM"
3897,"PUD"
3898,"TETRAPLEGI"
3899,"TRAINER"
3900,"SCARED"
3901,"FLYING"
3902,"SEMICONSCI"
3903,"CONCEPTION"
3904,"PREPREGNAN"
3905,"APPARENT"
3906,"VV"
3907,"IVU"
3908,"UROGRAM"
3909,"CONTRACTIO"
3910,"BRAXTON"
3911,"HICKS"
3912,"MANAGEMENT"
3913,"IMMUNOSUPP"
3914,"PLANS"
3915,"CHARTS"
3916,"LIF"
3917,"PREIMMUNIS"
3918,"TRACK"
3919,"SITE"
3920,"GENETICIST"
3921,"ENTHESITIS"
3922,"VAULT"
3923,"IMPLANON"
3925,"RESUSCITAT"
3926,"CPR"
3927,"CYSTINE"
3928,"CYSTINURIA"
3929,"HOMOCYSTIN"
3930,"WERNICKES"
3931,"REFUSAL"
3932,"SHBG"
3933,"BINDING"
3934,"GLOBULIN"
3935,"INDEX"
3936,"FAI"
3937,"FTI"
3938,"HYDROGEN"
3939,"OTOMYCOSIS"
3940,"NOS"
3941,"NEC"
3942,"UNSPECIFIE"
3943,"NASOGASTRI"
3944,"ENTERIC"
3945,"BUN"
3946,"PREHOSPITA"
3947,"PREADMISSI"
3948,"ENA"
3949,"DEPARTMENT"
3950,"SERVICES"
3951,"DOCS"
3952,"D"
3953,"TICKLE"
3954,"NEGATIVE"
3955,"SAFETY"
3956,"OHS"
3958,"VEGETARIAN"
3959,"BINGE"
3960,"HOMOPHOBIA"
3961,"NEBULISATI"
3962,"NEBULISER"
3963,"RADIOLOGIS"
3964,"ADOPTED"
3965,"ADOPTION"
3966,"LUTEAL"
3967,"OPD"
3968,"OUTPATIENT"
3969,"IVDU"
3970,"RRF"
3971,"BKA"
3972,"VUR"
3973,"HIAA"
3974,"COP"
3975,"UA"
3976,"TRESILLIAN"
3977,"DIETITIAN"
3978,"TRANSTIBIA"
3979,"BELOW"
3980,"ABOVE"
3981,"TRANSFEMOR"
3982,"AKA"
3984,"TRANSRADIA"
3985,"BEA"
3986,"TRANSHUMER"
3997,"ACL"
3998,"CRUCIATE"
3999,"ACRIMOCLAV"
4000,"AC"
4001,"PCL"
4002,"CLOSED"
4006,"TEETH"
4029,"DISTRICT"
4031,"PSYCHOLOGY"
4032,"OPTOMETRY"
4033,"VOCATIONAL"
4034,"PROSTHETIS"
4035,"FILLING"
4042,"PSYCHIATRY"
4045,"CARCINOID"
4046,"PULP"
4047,"LANOXIN"
4048,"IH"
4049,"ARTERIOVEN"
4050,"MULTIDISCI"
4051,"YOGA"
4052,"RPC"
4053,"RPOC"
4054,"FBOT"
4055,"FOBT"
4056,"OROPHARYNX"
4057,"LIPODYSTRO"
4058,"ARC"
4059,"ADENOMYOSI"
4060,"HYPOHIDROS"
4061,"CYSTOGRAM"
4062,"CARINATUM"
4063,"KETOSIS"
4064,"KETOACIDOS"
4066,"OVUM"
4067,"BLIGHTED"
4068,"ANTITHYROG"
4069,"ICTUS"
4070,"HARASSMENT"
4071,"HANDS"
4072,"FINGERS"
4073,"WRISTS"
4074,"BURNS"
4075,"ELBOWS"
4076,"KNEES"
4079,"TENDONS"
4080,"BREASTS"
4081,"BONES"
4082,"BRUISES"
4083,"DRUGS"
4084,"SHOULDERS"
4085,"ULCERS"
4086,"DDIMER"
4087,"DAILY"
4088,"LIVING"
4089,"ACTIVITIES"
4090,"HAEMOCCULT"
4091,"CONFINEMEN"
4092,"MELAENA"
4093,"OSTEOMALAC"
4094,"IMMUNOTHER"
4095,"EPIDIDYMOR"
4096,"DIFFICILE"
4097,"POSITING"
4098,"CUFF"
4099,"ADHESIVE"
4100,"125"
4101,"153"
4102,"199"
4103,"CORPORIS"
4104,"UNGUIUM"
4105,"CRURIS"
4106,"CAPITIS"
4107,"BARBAE"
4108,"PEDIS"
4109,"24"
4110,"HOUR"
4111,"PREPARATIO"
4112,"NONRHEUMAT"
4113,"FREE"
4114,"PHONE"
4115,"TELEPHONE"
4116,"PETROL"
4117,"LOCALISED"
4118,"TOILET"
4119,"SEPTIC"
4120,"SEEKING"
4121,"CHEMIST"
4122,"PHARMACIST"
4123,"PHARMACY"
4124,"STABBED"
4125,"STABBING"
4126,"TRACE"
4127,"TRACING"
4128,"NEPHROLOGI"
4129,"ALBINO"
4130,"TRACT"
4131,"OSMOLALITY"
4132,"PET"
4133,"ORTHOTIST"
4134,"ORTHOTICS"
4135,"BARTONELLA"
4136,"CATS"
4137,"ADRENALCOR"
4138,"ACTH"
4139,"LIPASE"
4140,"MICROSCOPY"
4141,"COMPUTERIS"
4142,"TOMOGRAPHY"
4143,"ETOH"
4144,"GROG"
